code_variable,name_variable,label_pergunta,tipo,is_dashboard,is_portal,is_average,is_percentage,is_absolute,label,categoria,subcategoria,modal
1.1.1,"Quais os serviços de transporte público urbano estão presentes no município, sob gestão da prefeitura, seja por operação direta ou por delegação?","Quais os serviços de transporte público urbano estão presentes no município, sob gestão da prefeitura, seja por operação direta ou por delegação?",text,0,0,0,0,0,Serviços de Transporte (adm. Prefeitura),missing,NA,NA
1.2.1,"Quais os serviços de transporte público urbano estão presentes no município em que o Governo do Estado é responsável pela gestão, seja gestão direta ou indireta?","Quais os serviços de transporte público urbano estão presentes no município em que o Governo do Estado é responsável pela gestão, seja gestão direta ou indireta?",text,0,0,0,0,0,Serviços de Transporte (adm. Estado),missing,NA,NA
1.2.2,"Quais os serviços de transporte público urbano estão presentes no município em que o Governo Federal é responsável pela gestão, seja gestão direta ou indireta?","Quais os serviços de transporte público urbano estão presentes no município em que o Governo Federal é responsável pela gestão, seja gestão direta ou indireta?",text,0,0,0,0,0,Serviços de Transporte (adm. União),missing,NA,NA
1.2.3,"Quais os serviços de transporte público urbano estão presentes no município, sob gestão de um consórcio público ou de um convênio de cooperação para gestão do transporte metropolitano, seja de gestão direta ou indireta?","Quais os serviços de transporte público urbano estão presentes no município, sob gestão de um consórcio público ou de um convênio de cooperação para gestão do transporte metropolitano, seja de gestão direta ou indireta?",text,0,0,0,0,0,Serviços de Transporte (Concessão),missing,NA,NA
1.3.1,Quais os tipos de integração física entre os diferentes modos de transporte urbano existem em seu município?,Quais os tipos de integração física entre os diferentes modos de transporte urbano existem em seu município?,text,0,0,0,0,0,Tipos de Integração Física,missing,NA,NA
1.4.1.A,Qual o número total de terminais rodoviários no município?,Qual o número total de terminais rodoviários no município?,numeric,0,1,0,0,1,Número de Rodoviárias,Infraestrutura,Ônibus,Ônibus
1.4.1.B,"Qual o número total de terminais rodoviários acessíveis com rampas, plataformas de embarque em nível?","Qual o número total de terminais rodoviários acessíveis com rampas, plataformas de embarque em nível?",numeric,0,1,0,0,1,"Número de Rodoviárias (acessibilidade, def. física)",Infraestrutura,Ônibus,Ônibus
1.4.1.C,Qual o número total de terminais rodoviários acessíveis com informações para pessoas com deficiência visual?,Qual o número total de terminais rodoviários acessíveis com informações para pessoas com deficiência visual?,numeric,0,1,0,0,1,"Número de Rodoviárias (acessibilidade, def. visual)",Infraestrutura,Ônibus,Ônibus
1.4.1.D,Qual o número total de terminais rodoviários com integração física?,Qual o número total de terminais rodoviários com integração física?,numeric,0,1,0,0,1,Número de Rodoviárias com Integração,Infraestrutura,Ônibus,Ônibus
1.4.1.E,Qual o número total de estações metroferroviárias no município?,Qual o número total de estações metroferroviárias no município?,numeric,0,1,0,0,1,Número de Metroviárias,Infraestrutura,Metrô/Trem,Metrô/Trem
1.4.1.F,"Qual o número total de estações metroferroviárias acessíveis com rampas, plataformas de embarque em nível?","Qual o número total de estações metroferroviárias acessíveis com rampas, plataformas de embarque em nível?",numeric,0,1,0,0,1,"Número de Metroviárias (acessibilidade, def. física)",Infraestrutura,Metrô/Trem,Metrô/Trem
1.4.1.G,Qual o número total de estações metroferroviárias acessíveis com informações para pessoas com deficiência visual?,Qual o número total de estações metroferroviárias acessíveis com informações para pessoas com deficiência visual?,numeric,0,1,0,0,1,"Número de Metroviárias (acessibilidade, def. visual)",Infraestrutura,Metrô/Trem,Metrô/Trem
1.4.1.H,Qual o número total de estações metroferroviárias com integração física?,Qual o número total de estações metroferroviárias com integração física?,numeric,0,1,0,0,1,Número de Metroviárias com Intregração,Infraestrutura,Metrô/Trem,Metrô/Trem
1.4.2,"Qual o número total de pontos de embarque e desembarque, considerando todos os modos de transporte?","Qual o número total de pontos de embarque e desembarque, considerando todos os modos de transporte?",numeric,0,1,0,0,1,Pontos de Embarque/Desembarque (Total),Infraestrutura,Ônibus,Ônibus
1.4.3,"Qual o número total de pontos de embarque e desembarque com abrigo para usuários, considerando todos os modos de transporte?","Qual o número total de pontos de embarque e desembarque com abrigo para usuários, considerando todos os modos de transporte?",numeric,1,1,0,0,1,Pontos de Embarque com abrigo,Infraestrutura,Ônibus,Ônibus
1.4.4,"Qual o número total de pontos de embarque e desembarque com plataforma de embarque em nível para usuários, considerando todos os modos de transporte?","Qual o número total de pontos de embarque e desembarque com plataforma de embarque em nível para usuários, considerando todos os modos de transporte?",numeric,1,1,0,0,1,Pontos de Embarque (em nível),Infraestrutura,Ônibus,Ônibus
1.4.5,O município disponibiliza o local de pontos de embarque de desembarque georreferenciados na internet?,O município disponibiliza o local de pontos de embarque de desembarque georreferenciados na internet?,binary,1,1,0,0,0,Pontos de Embarque Georreferenciados,Infraestrutura,Ônibus,Ônibus
1.4.5.A,Em qual website é possível obter os pontos de embarque e desembarque georreferenciados?,Em qual website é possível obter os pontos de embarque e desembarque georreferenciados?,text,0,0,0,0,0,NA,NA,NA,NA
1.5.1.A,Qual a frota de veículos operacionais de ônibus convencional no município?,Qual a frota de veículos operacionais de ônibus convencional no município?,numeric,0,1,0,0,1,Frota de ônibus,Frota,Ônibus,Ônibus
1.5.1.B,Qual a capacidade média da frota de ônibus convencionais operacionais no município?,Qual a capacidade média da frota de ônibus convencionais operacionais no município?,numeric,1,1,1,0,0,Ônibus (capacidade média),Frota,Ônibus,Ônibus
1.5.1.C,Qual o número de ônibus convencionais operacionais de piso baixo no município?,Qual o número de ônibus convencionais operacionais de piso baixo no município?,numeric,1,1,0,0,1,Ônibus (piso baixo),Frota,Ônibus,Ônibus
1.5.1.D,Qual o número de ônibus convencionais operacionais com plataforma elevatória no município?,Qual o número de ônibus convencionais operacionais com plataforma elevatória no município?,numeric,1,1,0,0,1,Ônibus (com plataforma),Frota,Ônibus,Ônibus
1.5.1.E,Qual a frota de veículos operacionais de ônibus articulado no município?,Qual a frota de veículos operacionais de ônibus articulado no município?,numeric,1,1,0,0,1,Frota de Ônibus Articulados,Frota,Ônibus,Ônibus
1.5.1.F,Qual a capacidade média de ônibus articulado operacionais no município?,Qual a capacidade média de ônibus articulado operacionais no município?,numeric,1,1,1,0,0,Ônibus Articulados (capacidade média),Frota,Ônibus,Ônibus
1.5.1.G,Qual o número de ônibus articulados operacionais de piso baixo?,Qual o número de ônibus articulados operacionais de piso baixo?,numeric,1,1,0,0,1,Ônibus Articulados (piso baixo),Frota,Ônibus,Ônibus
1.5.1.H,Qual o número de ônibus articulados operacionais com plataforma elevatória no município?,Qual o número de ônibus articulados operacionais com plataforma elevatória no município?,numeric,1,1,0,0,1,Ônibus Articulados (com plataforma),Frota,Ônibus,Ônibus
1.5.1.I,Qual a frota de veículos operacionais de ônibus biarticulado no município?,Qual a frota de veículos operacionais de ônibus biarticulado no município?,numeric,1,1,0,0,1,Frota de Ônibus Biarticulados,Frota,Ônibus,Ônibus
1.5.1.J,Qual a capacidade média de ônibus biarticulado operacionais no município?,Qual a capacidade média de ônibus biarticulado operacionais no município?,numeric,1,1,1,0,0,Ônibus Biarticulados (cap. média),Frota,Ônibus,Ônibus
1.5.1.K,Qual o número de ônibus biarticulados operacionais de piso baixo?,Qual o número de ônibus biarticulados operacionais de piso baixo?,numeric,1,1,0,0,1,Ônibus Biarticulados (piso baixo),Frota,Ônibus,Ônibus
1.5.1.L,Qual o número de ônibus biarticulados operacionais com plataforma elevatória no município?,Qual o número de ônibus biarticulados operacionais com plataforma elevatória no município?,numeric,1,1,0,0,1,Ônibus Biarticulados (com plataforma),Frota,Ônibus,Ônibus
1.5.1.M,Qual a frota de veículos operacionais de vans/microônibus no município?,Qual a frota de veículos operacionais de vans/microônibus no município?,numeric,1,1,0,0,1,Frota de Microônibus,Frota,Vans/Microônibus,Microônibus
1.5.1.N,Qual a capacidade média da frota de vans/microônibus operacionais no município?,Qual a capacidade média da frota de vans/microônibus operacionais no município?,numeric,1,1,1,0,0,Microônibus (capacidade média),Frota,Vans/Microônibus,Microônibus
1.5.1.O,Qual a frota de veículos operacionais de táxi no município?,Qual a frota de veículos operacionais de táxi no município?,numeric,1,1,0,0,1,Frota de Táxis,Frota,Táxi,Táxi
1.5.1.P,Qual a frota de veículos operacionais de mototáxi no município?,Qual a frota de veículos operacionais de mototáxi no município?,numeric,1,1,0,0,1,Frota de Mototáxis,Frota,Mototáxi,Mototáxi
1.5.1.Q,Qual a frota de veículos operacionais de metrô (composição) no município?,Qual a frota de veículos operacionais de metrô (composição) no município?,numeric,1,1,0,0,1,Frota (composição) de Metrôs,Frota,Metrô,Metrô
1.5.1.R,Qual a capacidade média de um veículo de metrô (composição) no município?,Qual a capacidade média de um veículo de metrô (composição) no município?,numeric,1,1,1,0,0,Metrô (capacidade média),Frota,Metrô,Metrô
1.5.1.S,Qual a frota de veículos operacionais de trem (composição) no município?,Qual a frota de veículos operacionais de trem (composição) no município?,numeric,1,1,0,0,1,Frota de Trens,Frota,Trem,Trem
1.5.1.T,Qual a capacidade média de um veículo de trem (composição) no município?,Qual a capacidade média de um veículo de trem (composição) no município?,numeric,1,1,1,0,0,Trem (capacidade média),Frota,Trem,Trem
1.5.1.U,Qual a frota de barcos operacionais no município?,Qual a frota de barcos operacionais no município?,numeric,1,1,0,0,1,Frota de Barcos,Frota,Barco,Barco
1.5.1.V,Qual a capacidade média da frota de barco no município?,Qual a capacidade média da frota de barco no município?,numeric,1,1,1,0,0,Barcos (capacidade média),Frota,Barco,Barco
1.5.1.W,Qual a frota de veículos operacionais de VLT (composição) no município?,Qual a frota de veículos operacionais de VLT (composição) no município?,numeric,1,1,0,0,1,Frota (composição) de VLTs,Frota,VLT,VLT
1.5.1.X,Qual a capacidade média de um veículo de VLT (composição) no município?,Qual a capacidade média de um veículo de VLT (composição) no município?,numeric,1,1,1,0,0,VLT (capacidade média),Frota,VLT,VLT
1.5.1.Y,Qual a frota de veículos operacionais de monotrilho (composição) no município?,Qual a frota de veículos operacionais de monotrilho (composição) no município?,numeric,1,1,0,0,1,Frota (composição) de Monotrilhos,Frota,Monotrilho,Monotrilho
1.5.1.Z,Qual a capacidade média de um veículo de monotrilho (composição) no município?,Qual a capacidade média de um veículo de monotrilho (composição) no município?,numeric,1,1,1,0,0,Monotrilho (capacidade média),Frota,Monotrilho,Monotrilho
1.5.1.AA,Qual a frota de veículos operacionais de aeromóvel (composição) no município?,Qual a frota de veículos operacionais de aeromóvel (composição) no município?,numeric,1,1,0,0,1,Frota (composição) de Aeromóvel,Frota,Aeromóvel,Aeromóvel
1.5.1.AB,Qual a capacidade média de um aeromóvel no município?,Qual a capacidade média de um aeromóvel no município?,numeric,1,1,1,0,0,Aeromóvel (capacidade média),Frota,Aeromóvel,Aeromóvel
1.5.1.AC,Qual a frota de bicicletas compartilhadas operacionais no município?,Qual a frota de bicicletas compartilhadas operacionais no município?,numeric,1,1,0,0,1,Frota de Bicicletas Compartilhadas,Frota,Bicicleta,Bicicleta
1.5.2.A,Qual a frota de veículos para fretamento para transporte de passageiro no município?,Qual a frota de veículos para fretamento para transporte de passageiro no município?,numeric,1,1,0,0,1,Frota de Veículos Fretados para Passageiros,Frota,Ônibus,Fretamento
1.5.2.B,Qual a frota de veículos para transporte escolar no município?,Qual a frota de veículos para transporte escolar no município?,numeric,1,1,0,0,1,Frota de Veículos Escolares,Frota,Ônibus,Escolar
1.6.1.A,Qual a quilometragem de vias dedicadas onde apenas pedestres podem circular (permanente)?,Qual a quilometragem de vias dedicadas onde apenas pedestres podem circular (permanente)?,numeric,0,1,0,0,1,Extensão de Vias Exclusivas para Pedestres,Infraestrutura,Pedestres,Pedestres
1.6.1.B,Qual a quilometragem de vias dedicadas onde apenas pedestres podem circular (temporária)?,Qual a quilometragem de vias dedicadas onde apenas pedestres podem circular (temporária)?,numeric,0,1,0,0,1,Extensão de Vias Exclusivas Temporárias para Pedestres,Infraestrutura,Pedestres,Pedestres
1.6.1.C,Qual a quilometragem de calçadas no município (parte da via reservada ao trânsito de pedestres)?,Qual a quilometragem de calçadas no município (parte da via reservada ao trânsito de pedestres)?,numeric,0,1,0,0,1,Extensão de Calçadas para Pedestres,Infraestrutura,Pedestres,Pedestres
1.6.1.D,Qual a quilometragem de vias dedicadas exclusivas para BRTs no município?,Qual a quilometragem de vias dedicadas exclusivas para BRTs no município?,numeric,0,1,0,0,1,Extensão de Vias Exclusivas para BRT,Frota,Ônibus,Ônibus
1.6.1.E,Qual a quilometragem de vias dedicadas exclusivamente a corredores de ônibus no município?,Qual a quilometragem de vias dedicadas exclusivamente a corredores de ônibus no município?,numeric,0,1,0,0,1,Extensão de Corredores Exclusivos de Ônibus,Frota,Ônibus,Ônibus
1.6.1.F,Qual a quilometragem de vias dedicadas a faixas exclusivas no município?,Qual a quilometragem de vias dedicadas a faixas exclusivas no município?,numeric,0,1,0,0,1,Extensão de Faixas Exclusivas,Frota,Ônibus,Ônibus
1.6.1.G,Qual a quilometragem de vias dedicadas exclusivamente a ciclovias no município?,Qual a quilometragem de vias dedicadas exclusivamente a ciclovias no município?,numeric,0,1,0,0,1,Extensão de Ciclovias Exclusivas,Frota,Bicicleta,Bicicleta
1.6.1.H,Qual a quilometragem de vias dedicadas exclusivamente a ciclofaixas no município?,Qual a quilometragem de vias dedicadas exclusivamente a ciclofaixas no município?,numeric,0,1,0,0,1,Extensão de Ciclofaixas Exclusivas,Frota,Bicicleta,Bicicleta
1.6.1.I,Qual a quilometragem de vias dedicadas exclusivamente a metrô no município?,Qual a quilometragem de vias dedicadas exclusivamente a metrô no município?,numeric,0,1,0,0,1,Extensão da malha (metrô),Infraestrutura,Metrô,Metrô
1.6.1.J,Qual a quilometragem de vias dedicadas exclusivamente a trem no município?,Qual a quilometragem de vias dedicadas exclusivamente a trem no município?,numeric,0,1,0,0,1,Extensão da malha (trem),Infraestrutura,Trem,Trem
1.6.1.K,Qual a quilometragem de vias dedicadas exclusivamente a VLT no município?,Qual a quilometragem de vias dedicadas exclusivamente a VLT no município?,numeric,0,1,0,0,1,Extensão da malha (VLT),Infraestrutura,VLT,VLT
1.6.1.L,Qual a quilometragem de vias dedicadas exclusivamente a monotrilho no município?,Qual a quilometragem de vias dedicadas exclusivamente a monotrilho no município?,numeric,0,1,0,0,1,Extensão da malha (monotrilho),Infraestrutura,Monotrilho,Monotrilho
1.6.1.M,Qual a quilometragem de vias dedicadas exclusivamente a aeromóvel no município?,Qual a quilometragem de vias dedicadas exclusivamente a aeromóvel no município?,numeric,0,1,0,0,1,Extensão da malha (aeromóvel),Infraestrutura,Aeromóvel,Aeromóvel
1.7.1.A,Qual a quilometragem percorrida no ano de 2023 pela frota de ônibus do município?,Qual a quilometragem percorrida no ano pela frota de ônibus do município?,numeric,1,1,0,0,1,Quilômetros Percorridos (Ônibus),Frota,Ônibus,Ônibus
1.7.1.B,Qual a quilometragem percorrida no ano de 2023 pela frota de vans/microônibus do município?,Qual a quilometragem percorrida no ano pela frota de vans/microônibus do município?,numeric,1,1,0,0,1,Quilômetros Percorridos (Microônibus),Frota,Vans/Microônibus,Microônibus
1.7.1.C,Qual a quilometragem percorrida no ano de 2023 pela frota de metrô do município?,Qual a quilometragem percorrida no ano pela frota de metrô do município?,numeric,1,1,0,0,1,Quilômetros Percorridos (Metrô),Frota,Metrô,Metrô
1.7.1.D,Qual a quilometragem percorrida no ano de 2023 pela frota de trem do município?,Qual a quilometragem percorrida no ano pela frota de trem do município?,numeric,1,1,0,0,1,Quilômetros Percorridos (Trem),Frota,Trem,Trem
1.7.1.E,Qual a quilometragem percorrida no ano de 2023 pela frota de barco/catamarã do município?,Qual a quilometragem percorrida no ano pela frota de barco/catamarã do município?,numeric,1,1,0,0,1,Quilômetros Percorridos (Barco),Frota,Barco,Barco
1.7.1.F,Qual a quilometragem percorrida no ano de 2023 pela frota de VLT do município?,Qual a quilometragem percorrida no ano pela frota de VLT do município?,numeric,1,1,0,0,1,Quilômetros Percorridos (VLT),Frota,VLT,VLT
1.7.1.G,Qual a quilometragem percorrida no ano de 2023 pela frota de monotrilho do município?,Qual a quilometragem percorrida no ano pela frota de monotrilho do município?,numeric,1,1,0,0,1,Quilômetros Percorridos (Monotrilho),Frota,Monotrilho,Monotrilho
1.7.1.H,Qual a quilometragem percorrida no ano de 2023 pela frota de aeromóvel do município?,Qual a quilometragem percorrida no ano pela frota de aeromóvel do município?,numeric,1,1,0,0,1,Quilômetros Percorridos (Aeromóvel),Frota,Aeromóvel,Aeromóvel
2.1.1.A,Qual a velocidade média operacional (km/h) do sistema de BRT do município em faixas prioritárias no horário de pico?,Qual a velocidade média operacional (km/h) do sistema de BRT do município em faixas prioritárias no horário de pico?,numeric,1,1,1,0,0,Velocidade Média do BRT em faixas prioritárias (pico),Infraestrutura,Ônibus,Ônibus
2.1.1.B,Qual a velocidade média operacional (km/h) nos corredores de ônibus do município no horário de pico?,Qual a velocidade média operacional (km/h) nos corredores de ônibus do município no horário de pico?,numeric,1,1,1,0,0,Velocidade Média do Ônibus nos Corredores (pico),Infraestrutura,Ônibus,Ônibus
2.1.1.C,Qual a velocidade média operacional (km/h) nas faixas exclusivas de ônibus do município no horário de pico?,Qual a velocidade média operacional (km/h) nas faixas exclusivas de ônibus do município no horário de pico?,numeric,1,1,1,0,0,Velocidade Média do Ônibus nas Faixas Exclusivas (pico),Infraestrutura,Ônibus,Ônibus
2.1.1.D,Qual a velocidade média operacional (km/h) do sistema de metrô do município no horário de pico?,Qual a velocidade média operacional (km/h) do sistema de metrô do município no horário de pico?,numeric,1,1,1,0,0,Velocidade Média do Metrô (pico),Infraestrutura,Metrô,Metrô
2.1.1.E,Qual a velocidade média operacional (km/h) do sistema de trem do município no horário de pico?,Qual a velocidade média operacional (km/h) do sistema de trem do município no horário de pico?,numeric,1,1,1,0,0,Velocidade Média do Trem (pico),Infraestrutura,Trem,Trem
2.1.1.F,Qual a velocidade média operacional (km/h) do sistema de VLT do município no horário de pico?,Qual a velocidade média operacional (km/h) do sistema de VLT do município no horário de pico?,numeric,1,1,1,0,0,Velocidade Média do VLT (pico),Infraestrutura,VLT,VLT
2.1.1.G,Qual a velocidade média operacional (km/h) do sistema de monotrilho do município no horário de pico?,Qual a velocidade média operacional (km/h) do sistema de monotrilho do município no horário de pico?,numeric,1,1,1,0,0,Velocidade Média do Monotrilho (pico),Infraestrutura,Monotrilho,Monotrilho
2.1.1.H,Qual a velocidade média operacional (km/h) do sistema de aeromóvel do município no horário de pico?,Qual a velocidade média operacional (km/h) do sistema de aeromóvel do município no horário de pico?,numeric,1,1,1,0,0,Velocidade Média do Aeromóvel (pico),Infraestrutura,Aeromóvel,Aeromóvel
2.1.2,Qual a velocidade média operacional (km/h) do sistema de transporte público coletivo em vias de tráfego misto no horário de pico?,Qual a velocidade média operacional (km/h) do sistema de transporte público coletivo em vias de tráfego misto no horário de pico?,numeric,1,1,1,0,0,Velocidade Média do Transporte Público em Vias Mistas,Infraestrutura,Ônibus,Ônibus
2.2.1,É possível a circulação de táxis nos corredores de ônibus?,É possível a circulação de táxis nos corredores de ônibus?,text,0,1,0,0,0,Táxi no Corredor de Ônibus,Infraestrutura,Táxi,Táxi
2.3.1.A,Qual a idade média da frota do serviço de transporte por ônibus no município? (em anos),Qual a idade média da frota do serviço de transporte por ônibus no município? (em anos),numeric,0,1,1,0,0,Idade Média da Frota de Ônibus,Frota,Ônibus,Ônibus
2.3.1.B,Qual a idade média da frota do serviço de transporte por vans/microônibus no município? (em anos),Qual a idade média da frota do serviço de transporte por vans/microônibus no município? (em anos),numeric,0,1,1,0,0,Idade Média da Frota de Microônibus,Frota,Vans/Microônibus,Microônibus
2.3.1.C,Qual a idade média da frota do serviço de transporte por metrô no município? (em anos),Qual a idade média da frota do serviço de transporte por metrô no município? (em anos),numeric,1,1,1,0,0,Idade Média da Frota de Metrô,Frota,Metrô,Metrô
2.3.1.D,Qual a idade média da frota do serviço de transporte por trem no município? (em anos),Qual a idade média da frota do serviço de transporte por trem no município? (em anos),numeric,1,1,1,0,0,Idade Média da Frota de Trens,Frota,Trem,Trem
2.3.1.E,Qual a idade média da frota do serviço de transporte por VLT no município? (em anos),Qual a idade média da frota do serviço de transporte por VLT no município? (em anos),numeric,0,1,1,0,0,Idade Média da Frota de VLTs,Frota,VLT,VLT
2.3.1.F,Qual a idade média da frota do serviço de transporte por monotrilho no município? (em anos),Qual a idade média da frota do serviço de transporte por monotrilho no município? (em anos),numeric,0,1,1,0,0,Idade Média da Frota de Monotrilho,Frota,Monotrilho,Monotrilho
2.3.1.G,Qual a idade média da frota do serviço de transporte por aeromóvel no município? (em anos),Qual a idade média da frota do serviço de transporte por aeromóvel no município? (em anos),numeric,0,1,1,0,0,Idade Média da Frota de Aeromóvel,Frota,Aeromóvel,Aeromóvel
2.3.1.H,Qual a idade média da frota do serviço de transporte por Táxi no município? (em anos),Qual a idade média da frota do serviço de transporte por Táxi no município? (em anos),numeric,0,1,1,0,0,Idade Média da Frota de Táxis,Frota,Táxi,Táxi
2.4.1.A,Qual o número de terminais rodoviários com informações aos usuários sobre itinerários?,Qual o número de terminais rodoviários com informações aos usuários sobre itinerários?,numeric,0,1,0,0,1,Terminais Rodoviários com Itinerários,Infraestrutura,Ônibus,Ônibus
2.4.1.B,Qual o número de terminais rodoviários com informações aos usuários sobre horários?,Qual o número de terminais rodoviários com informações aos usuários sobre horários?,numeric,0,1,0,0,1,Terminais Rodoviários com Informações sobre Horários,Infraestrutura,Ônibus,Ônibus
2.4.1.C,Qual o número de terminais rodoviários com informações aos usuários sobre tarifas dos serviços?,Qual o número de terminais rodoviários com informações aos usuários sobre tarifas dos serviços?,numeric,0,1,0,0,1,Terminais Rodoviários com Informações sobre Tarifas,Infraestrutura,Ônibus,Ônibus
2.4.1.D,Qual o número de terminais rodoviários com informações aos usuários sobre formas de integração com outros modos de transporte?,Qual o número de terminais rodoviários com informações aos usuários sobre formas de integração com outros modos de transporte?,numeric,0,1,0,0,1,Terminais Rodoviários com Informações sobre Integrações,Infraestrutura,Ônibus,Ônibus
2.4.1.E,Qual o número de estações metroferroviárias com informações aos usuários sobre itinerários?,Qual o número de estações metroferroviárias com informações aos usuários sobre itinerários?,numeric,1,1,0,0,1,Estações Metroviárias com Itinerários,Infraestrutura,Metrô/Trem,Metrô/Trem
2.4.1.F,Qual o número de estações metroferroviárias com informações aos usuários sobre horários?,Qual o número de estações metroferroviárias com informações aos usuários sobre horários?,numeric,1,1,0,0,1,Estações Metroviárias com Informações sobre Horários,Infraestrutura,Metrô/Trem,Metrô/Trem
2.4.1.G,Qual o número de estações metroferroviárias com informações aos usuários sobre tarifas dos serviços?,Qual o número de estações metroferroviárias com informações aos usuários sobre tarifas dos serviços?,numeric,1,1,0,0,1,Estações Metroviárias com Informações sobre Tarifas,Infraestrutura,Metrô/Trem,Metrô/Trem
2.4.1.H,Qual o número de estações metroferroviárias com informações aos usuários sobre formas de integração com outros modos de transporte?,Qual o número de estações metroferroviárias com informações aos usuários sobre formas de integração com outros modos de transporte?,numeric,1,1,0,0,1,Estações Metroviárias com Informações sobre Integrações,Infraestrutura,Metrô/Trem,Metrô/Trem
2.4.2.A,Qual o número total de pontos de embarque e desembarque com informações aos usuários sobre itinerários?,Qual o número total de pontos de embarque e desembarque com informações aos usuários sobre itinerários?,numeric,1,1,0,0,1,Pontos de Embarque com Itinerários,Infraestrutura,Ônibus,Ônibus
2.4.2.B,Qual o número total de pontos de embarque e desembarque com informações aos usuários sobre horários?,Qual o número total de pontos de embarque e desembarque com informações aos usuários sobre horários?,numeric,1,1,0,0,1,Pontos de Embarque com Informações sobre Horários,Infraestrutura,Ônibus,Ônibus
2.4.2.C,Qual o número total de pontos de embarque e desembarque com informações aos usuários sobre tarifas?,Qual o número total de pontos de embarque e desembarque com informações aos usuários sobre tarifas?,numeric,1,1,0,0,1,Pontos de Embarque com Informações sobre Tarifas,Infraestrutura,Ônibus,Ônibus
2.4.2.D,Qual o número total de pontos de embarque e desembarque com informações aos usuários sobre modos de interação com outros modos de transporte?,Qual o número total de pontos de embarque e desembarque com informações aos usuários sobre modos de interação com outros modos de transporte?,numeric,1,1,0,0,1,Pontos de Embarque com Informações sobre Integrações,Infraestrutura,Ônibus,Ônibus
2.5.1,O município realiza pesquisa de satisfação dos usuários?,O município realiza pesquisa de satisfação dos usuários?,text,0,1,0,0,0,Existe Pesquisa de Satisfação de Usuário,Outros,Governança e Leis,NA
2.5.1.A,Ano de realização da pesquisa:,Ano de realização da pesquisa:,numeric,0,0,0,0,1,Ano da Pesquisa,missing,NA,NA
2.5.1.B,Em qual website é possível obter a pesquisa de satisfação dos usuários em formato digital?,Em qual website é possível obter a pesquisa de satisfação dos usuários em formato digital?,text,0,0,0,0,0,Website Satisfação de Usuário,missing,NA,NA
2.6.1.A,O município possui informações sobre pontualidade e regularidade na prestação do serviço de transporte por ônibus?,O município possui informações sobre pontualidade e regularidade na prestação do serviço de transporte por ônibus?,binary,0,1,0,0,0,Existe informação sobre pontualidade e regularidade (Ônibus),Infraestrutura,Ônibus,Ônibus
2.6.1.B,O município possui informações sobre pontualidade e regularidade na prestação do serviço de transporte por vans/microônibus?,O município possui informações sobre pontualidade e regularidade na prestação do serviço de transporte por vans/microônibus?,binary,0,1,0,0,0,Existe informação sobre pontualidade e regularidade (Microônibus),Infraestrutura,Vans/Microônibus,Microônibus
2.6.1.C,O município possui informações sobre pontualidade e regularidade na prestação do serviço de transporte por metrô?,O município possui informações sobre pontualidade e regularidade na prestação do serviço de transporte por metrô?,binary,0,1,0,0,0,Existe informação sobre pontualidade e regularidade (Metrô),Infraestrutura,Metrô,Metrô
2.6.1.D,O município possui informações sobre pontualidade e regularidade na prestação do serviço de transporte por trem?,O município possui informações sobre pontualidade e regularidade na prestação do serviço de transporte por trem?,binary,0,1,0,0,0,Existe informação sobre pontualidade e regularidade (Trem),Infraestrutura,Trem,Trem
2.6.1.E,O município possui informações sobre pontualidade e regularidade na prestação do serviço de transporte por barco?,O município possui informações sobre pontualidade e regularidade na prestação do serviço de transporte por barco?,binary,0,1,0,0,0,Existe informação sobre pontualidade e regularidade (Barco),Infraestrutura,Barco,Barco
2.6.1.F,O município possui informações sobre pontualidade e regularidade na prestação do serviço de transporte por VLT?,O município possui informações sobre pontualidade e regularidade na prestação do serviço de transporte por VLT?,binary,0,1,0,0,0,Existe informação sobre pontualidade e regularidade (VLT),Infraestrutura,VLT,VLT
2.6.1.G,O município possui informações sobre pontualidade e regularidade na prestação do serviço de transporte por monotrilho?,O município possui informações sobre pontualidade e regularidade na prestação do serviço de transporte por monotrilho?,binary,0,1,0,0,0,Existe informação sobre pontualidade e regularidade (Monotrilho),Infraestrutura,Monotrilho,Monotrilho
2.6.1.H,O município possui informações sobre pontualidade e regularidade na prestação do serviço de transporte por aeromóvel?,O município possui informações sobre pontualidade e regularidade na prestação do serviço de transporte por aeromóvel?,binary,0,1,0,0,0,Existe informação sobre pontualidade e regularidade (Aeromóvel),Infraestrutura,Aeromóvel,Aeromóvel
2.6.2.A,Qual a porcentagem de viagens por ônibus foram realizadas dentro do horário programado em 2023? (%),Qual a porcentagem de viagens por ônibus foram realizadas dentro do horário programado no ano? (%),numeric,1,1,0,0,1,Viagens de Ônibus Realizadas no Horário Programado (%),Infraestrutura,Ônibus,Ônibus
2.6.2.B,Qual a porcentagem de viagens por vans/microônibus foram realizadas dentro do horário programado em 2023? (%),Qual a porcentagem de viagens por vans/microônibus foram realizadas dentro do horário programado no ano? (%),numeric,1,1,0,0,1,Viagens de Microônibus Realizadas no Horário Programado (%),Infraestrutura,Vans/Microônibus,Microônibus
2.6.2.C,Qual a porcentagem de viagens por metrô foram realizadas dentro do horário programado em 2023? (%),Qual a porcentagem de viagens por metrô foram realizadas dentro do horário programado no ano? (%),numeric,1,1,0,0,1,Viagens de Metrô Realizadas no Horário Programado (%),Infraestrutura,Metrô,Metrô
2.6.2.D,Qual a porcentagem de viagens por trem foram realizadas dentro do horário programado em 2023? (%),Qual a porcentagem de viagens por trem foram realizadas dentro do horário programado no ano? (%),numeric,1,1,0,0,1,Viagens de Trem Realizadas no Horário Programado (%),Infraestrutura,Trem,Trem
2.6.2.E,Qual a porcentagem de viagens por barco foram realizadas dentro do horário programado em 2023? (%),Qual a porcentagem de viagens por barco foram realizadas dentro do horário programado no ano? (%),numeric,1,1,0,0,1,Viagens de Barco Realizadas no Horário Programado (%),Infraestrutura,Barco,Barco
2.6.2.F,Qual a porcentagem de viagens por VLT foram realizadas dentro do horário programado em 2023? (%),Qual a porcentagem de viagens por VLT foram realizadas dentro do horário programado no ano? (%),numeric,1,1,0,0,1,Viagens de VLT Realizadas no Horário Programado (%),Infraestrutura,VLT,VLT
2.6.2.G,Qual a porcentagem de viagens por Monotrilho foram realizadas dentro do horário programado em 2023? (%),Qual a porcentagem de viagens por Monotrilho foram realizadas dentro do horário programado no ano? (%),numeric,1,1,0,0,1,Viagens de Monotrilho Realizadas no Horário Programado (%),Infraestrutura,Monotrilho,Monotrilho
2.6.2.H,Qual a porcentagem de viagens por aeromóvel foram realizadas dentro do horário programado em 2023? (%),Qual a porcentagem de viagens por aeromóvel foram realizadas dentro do horário programado no ano? (%),numeric,1,1,0,0,1,Viagens de Aeromóvel Realizadas no Horário Programado (%),Infraestrutura,Aeromóvel,Aeromóvel
2.6.2.I,Qual a porcentagem de viagens por ônibus não foram completadas em 2023? (%),Qual a porcentagem de viagens por ônibus não foram completadas no ano? (%),numeric,1,1,0,0,1,Viagens de Ônibus Incompletas (%),Infraestrutura,Ônibus,Ônibus
2.6.2.J,Qual o percentual de viagens por vans/microônibus não foram completadas em 2023? (%),Qual o percentual de viagens por vans/microônibus não foram completadas no ano? (%),numeric,1,1,0,1,0,Viagens de Ônibus Incompletas Microônibus(%),Infraestrutura,Vans/Microônibus,Microônibus
2.6.2.K,Qual o percentual de viagens por metrô não foram completadas em 2023? (%),Qual o percentual de viagens por metrô não foram completadas no ano? (%),numeric,1,1,0,1,0,Viagens de Metrô Incompletas (%),Infraestrutura,Metrô,Metrô
2.6.2.L,Qual o percentual de viagens por trem não foram completadas em 2023? (%),Qual o percentual de viagens por trem não foram completadas no ano? (%),numeric,1,1,0,1,0,Viagens de Trem Incompletas (%),Infraestrutura,Trem,Trem
2.6.2.M,Qual o percentual de viagens por barco não foram completadas em 2023? (%),Qual o percentual de viagens por barco não foram completadas no ano? (%),numeric,1,1,0,1,0,Viagens de Barco Incompletas (%),Infraestrutura,Barco,Barco
2.6.2.N,Qual o percentual de viagens por VLT não foram completadas em 2023? (%),Qual o percentual de viagens por VLT não foram completadas no ano? (%),numeric,1,1,0,1,0,Viagens de VLT Incompletas (%),Infraestrutura,VLT,VLT
2.6.2.O,Qual o percentual de viagens por monotrilho não foram completadas em 2023? (%),Qual o percentual de viagens por monotrilho não foram completadas no ano? (%),numeric,1,1,0,1,0,Viagens de Monotrilho Incompletas (%),Infraestrutura,Monotrilho,Monotrilho
2.6.2.P,Qual o percentual de viagens por aeromóvel não foram completadas em 2023? (%),Qual o percentual de viagens por aeromóvel não foram completadas no ano? (%),numeric,1,1,0,1,0,Viagens de Aeromóvel Incompletas (%),Infraestrutura,Aeromóvel,Aeromóvel
3.1.1.A,Qual o valor da atual tarifa predominante do município?,Qual o valor da atual tarifa predominante do município?,numeric,1,1,0,0,1,Valor da Tarifa,Tarifa,Valores,NA
3.1.1.B,Qual o valor anterior da tarifa predominante no município?,Qual o valor anterior da tarifa predominante no município?,numeric,0,0,0,0,1,Valor Anterior da Tarifa,Tarifa,Valores,NA
3.1.1.C,Qual a data do último reajuste?,Qual a data do último reajuste?,date,0,0,0,0,0,Data do Último Reajuste,missing,NA,NA
3.1.2,Existe outros valores de tarifas na rede de transporte público coletivo no município?,Existe outros valores de tarifas na rede de transporte público coletivo no município?,binary,0,0,0,0,0,Tarifa Única,Tarifa,NA,NA
3.1.2.A,Quais outros serviços e respectivos valores de tarifas públicas existem no município?,Quais outros serviços e respectivos valores de tarifas públicas existem no município?,text,0,0,0,0,0,Serviços e Tarifas Diferentes,Tarifa,NA,NA
3.1.3,Quais as formas de integração tarifária existentes?,Quais as formas de integração tarifária existentes?,text,0,0,0,0,0,Formas de Integração Tarifárias Existentes,missing,NA,NA
3.2.1.A,Qual o valor da receita tarifária anual por ônibus arrecadado em 2023?,Qual o valor da receita tarifária anual por ônibus arrecadado no ano?,numeric,1,1,0,0,1,Receita Tarifária (Ônibus),Receita,Ônibus,Ônibus
3.2.1.B,"Se houver receita extratarifária, qual o valor de subsídio associado a passageiros com benefícios tarifários utilizado no sistema por ônibus em 2023?","Se houver receita extratarifária, qual o valor de subsídio associado a passageiros com benefícios tarifários utilizado no sistema por ônibus no ano?",numeric,1,1,0,0,1,Subsídios a Passageiros (Ônibus),Receita,Ônibus,Ônibus
3.2.1.C,"Se houver receita extratarifária, qual o valor arrecadado com subsídio direto ao sistema (subvenção) no sistema por ônibus em 2023?","Se houver receita extratarifária, qual o valor arrecadado com subsídio direto ao sistema (subvenção) no sistema por ônibus no ano?",numeric,1,1,0,0,1,Subsídios ao Sistema (Ônibus),Receita,Ônibus,Ônibus
3.2.1.D,"Se houver receita extratarifária, qual o valor arrecadado com publicidade em abrigos, terminais e veículos no sistema por ônibus em 2023?","Se houver receita extratarifária, qual o valor arrecadado com publicidade em abrigos, terminais e veículos no sistema por ônibus no ano?",numeric,1,1,0,0,1,Receita Extratarifária com Publicidade (Ônibus),Receita,Ônibus,Ônibus
3.2.1.E,"Se houver receita extratarifária, qual o valor arrecadado com outras fontes de recursos no sistema por ônibus em 2023?","Se houver receita extratarifária, qual o valor arrecadado com outras fontes de recursos no sistema por ônibus no ano?",numeric,1,1,0,0,1,Receita Extratarifária de Outras Fontes (Ônibus),Receita,Ônibus,Ônibus
3.2.2.A,Qual o valor da receita tarifária anual por vans/microônibus arrecadado em 2023?,Qual o valor da receita tarifária anual por vans/microônibus arrecadado no ano?,numeric,1,1,0,0,1,Receita Tarifária (Vans/Microônibus),Receita,Vans/Microônibus,Microônibus
3.2.2.B,"Se houver receita extratarifária, qual o valor de subsídio associado a passageiros com benefícios tarifários utilizado no sistema por vans/microônibus em 2023?","Se houver receita extratarifária, qual o valor de subsídio associado a passageiros com benefícios tarifários utilizado no sistema por vans/microônibus no ano?",numeric,1,1,0,0,1,Subsídios a Passageiros (Vans/Microônibus),Receita,Vans/Microônibus,Microônibus
3.2.2.C,"Se houver receita extratarifária, qual o valor arrecadado com subsídio direto ao sistema (subvenção) no sistema por vans/microônibus em 2023?","Se houver receita extratarifária, qual o valor arrecadado com subsídio direto ao sistema (subvenção) no sistema por vans/microônibus no ano?",numeric,1,1,0,0,1,Subsídios ao Sistema (Vans/Microônibus),Receita,Vans/Microônibus,Microônibus
3.2.2.D,"Se houver receita extratarifária, qual o valor arrecadado com publicidade em abrigos, terminais e veículos no sistema por vans/microônibus em 2023?","Se houver receita extratarifária, qual o valor arrecadado com publicidade em abrigos, terminais e veículos no sistema por vans/microônibus no ano?",numeric,1,1,0,0,1,Receita Extratarifária com Publicidade (Vans/Microônibus),Receita,Vans/Microônibus,Microônibus
3.2.2.E,"Se houver receita extratarifária, qual o valor arrecadado com outras fontes de recursos no sistema por vans/microônibus em 2023?","Se houver receita extratarifária, qual o valor arrecadado com outras fontes de recursos no sistema por vans/microônibus no ano?",numeric,1,1,0,0,1,Receita Extratarifária de Outras Fontes (Vans/Microônibus),Receita,Vans/Microônibus,Microônibus
3.2.3.A,Qual o valor da receita tarifária anual por metrô arrecadado em 2023?,Qual o valor da receita tarifária anual por metrô arrecadado no ano?,numeric,1,1,0,0,1,Receita Tarifária (Metrô),Receita,Metrô,Metrô
3.2.3.B,"Se houver receita extratarifária, qual o valor de subsídio associado a passageiros com benefícios tarifários utilizado no sistema por metrô em 2023?","Se houver receita extratarifária, qual o valor de subsídio associado a passageiros com benefícios tarifários utilizado no sistema por metrô no ano?",numeric,1,1,0,0,1,Subsídios a Passageiros (Metrô),Receita,Metrô,Metrô
3.2.3.C,"Se houver receita extratarifária, qual o valor arrecadado com subsídio direto ao sistema (subvenção) no sistema por metrô em 2023?","Se houver receita extratarifária, qual o valor arrecadado com subsídio direto ao sistema (subvenção) no sistema por metrô no ano?",numeric,1,1,0,0,1,Subsídios ao Sistema (Metrô),Receita,Metrô,Metrô
3.2.3.D,"Se houver receita extratarifária, qual o valor arrecadado com publicidade em abrigos, terminais e veículos no sistema por metrô em 2023?","Se houver receita extratarifária, qual o valor arrecadado com publicidade em abrigos, terminais e veículos no sistema por metrô no ano?",numeric,1,1,0,0,1,Receita Extratarifária com Publicidade (Metrô),Receita,Metrô,Metrô
3.2.3.E,"Se houver receita extratarifária, qual o valor arrecadado com outras fontes de recursos no sistema por metrô em 2023?","Se houver receita extratarifária, qual o valor arrecadado com outras fontes de recursos no sistema por metrô no ano?",numeric,1,1,0,0,1,Receita Extratarifária de Outras Fontes (Metrô),Receita,Metrô,Metrô
3.2.4.A,Qual o valor da receita tarifária anual por trem arrecadado em 2023?,Qual o valor da receita tarifária anual por trem arrecadado no ano?,numeric,1,1,0,0,1,Receita Tarifária (Trem),Receita,Trem,Trem
3.2.4.B,"Se houver receita extratarifária, qual o valor de subsídio associado a passageiros com benefícios tarifários utilizado no sistema por trem em 2023?","Se houver receita extratarifária, qual o valor de subsídio associado a passageiros com benefícios tarifários utilizado no sistema por trem no ano?",numeric,1,1,0,0,1,Subsídios a Passageiros (Trem),Receita,Trem,Trem
3.2.4.C,"Se houver receita extratarifária, qual o valor arrecadado com subsídio direto ao sistema (subvenção) no sistema por trem em 2023?","Se houver receita extratarifária, qual o valor arrecadado com subsídio direto ao sistema (subvenção) no sistema por trem no ano?",numeric,1,1,0,0,1,Subsídios ao Sistema (Trem),Receita,Trem,Trem
3.2.4.D,"Se houver receita extratarifária, qual o valor arrecadado com publicidade em abrigos, terminais e veículos no sistema por trem em 2023?","Se houver receita extratarifária, qual o valor arrecadado com publicidade em abrigos, terminais e veículos no sistema por trem no ano?",numeric,1,1,0,0,1,Receita Extratarifária com Publicidade (Trem),Receita,Trem,Trem
3.2.4.E,"Se houver receita extratarifária, qual o valor arrecadado com outras fontes de recursos no sistema por trem em 2023?","Se houver receita extratarifária, qual o valor arrecadado com outras fontes de recursos no sistema por trem no ano?",numeric,1,1,0,0,1,Receita Extratarifária de Outras Fontes (Trem),Receita,Trem,Trem
3.2.5.A,Qual o valor da receita tarifária anual por barco arrecadado em 2023?,Qual o valor da receita tarifária anual por barco arrecadado no ano?,numeric,1,1,0,0,1,Receita Tarifária (Barco),Receita,Barco,Barco
3.2.5.B,"Se houver receita extratarifária, qual o valor de subsídio associado a passageiros com benefícios tarifários utilizado no sistema por barco em 2023?","Se houver receita extratarifária, qual o valor de subsídio associado a passageiros com benefícios tarifários utilizado no sistema por barco no ano?",numeric,1,1,0,0,1,Subsídios a Passageiros (Barco),Receita,Barco,Barco
3.2.5.C,"Se houver receita extratarifária, qual o valor arrecadado com subsídio direto ao sistema (subvenção) no sistema por barco em 2023?","Se houver receita extratarifária, qual o valor arrecadado com subsídio direto ao sistema (subvenção) no sistema por barco no ano?",numeric,1,1,0,0,1,Subsídios ao Sistema (Barco),Receita,Barco,Barco
3.2.5.D,"Se houver receita extratarifária, qual o valor arrecadado com publicidade em abrigos, terminais e veículos no sistema por barco em 2023?","Se houver receita extratarifária, qual o valor arrecadado com publicidade em abrigos, terminais e veículos no sistema por barco no ano?",numeric,1,1,0,0,1,Receita Extratarifária com Publicidade (Barco),Receita,Barco,Barco
3.2.5.E,"Se houver receita extratarifária, qual o valor arrecadado com outras fontes de recursos no sistema por barco em 2023?","Se houver receita extratarifária, qual o valor arrecadado com outras fontes de recursos no sistema por barco no ano?",numeric,1,1,0,0,1,Receita Extratarifária de Outras Fontes (Barco),Receita,Barco,Barco
3.2.6.A,Qual o valor da receita tarifária anual por VLT arrecado em 2023?,Qual o valor da receita tarifária anual por VLT arrecado no ano?,numeric,1,1,0,0,1,Receita Tarifária (VLT),Receita,VLT,VLT
3.2.6.B,"Se houver receita extratarifária, qual o valor de subsídio associado a passageiros com benefícios tarifários utilizado no sistema por VLT em 2023?","Se houver receita extratarifária, qual o valor de subsídio associado a passageiros com benefícios tarifários utilizado no sistema por VLT no ano?",numeric,1,1,0,0,1,Subsídios a Passageiros (VLT),Receita,VLT,VLT
3.2.6.C,"Se houver receita extratarifária, qual o valor arrecadado com subsídio direto ao sistema (subvenção) no sistema por VLT em 2023?","Se houver receita extratarifária, qual o valor arrecadado com subsídio direto ao sistema (subvenção) no sistema por VLT no ano?",numeric,1,1,0,0,1,Subsídios ao Sistema (VLT),Receita,VLT,VLT
3.2.6.D,"Se houver receita extratarifária, qual o valor arrecadado com publicidade em abrigos, terminais e veículos no sistema por VLT em 2023?","Se houver receita extratarifária, qual o valor arrecadado com publicidade em abrigos, terminais e veículos no sistema por VLT no ano?",numeric,1,1,0,0,1,Receita Extratarifária com Publicidade (VLT),Receita,VLT,VLT
3.2.6.E,"Se houver receita extratarifária, qual o valor arrecadado com outras fontes de recursos no sistema por VLT em 2023?","Se houver receita extratarifária, qual o valor arrecadado com outras fontes de recursos no sistema por VLT no ano?",numeric,1,1,0,0,1,Receita Extratarifária de Outras Fontes (VLT),Receita,VLT,VLT
3.2.7.A,Qual o valor da receita tarifária anual por monotrilho arrecadado em 2023?,Qual o valor da receita tarifária anual por monotrilho arrecadado no ano?,numeric,1,1,0,0,1,Receita Tarifária (Monotrilho),Receita,Monotrilho,Monotrilho
3.2.7.B,"Se houver receita extratarifária, qual o valor de subsídio associado a passageiros com benefícios tarifários utilizado no sistema por monotrilho em 2023?","Se houver receita extratarifária, qual o valor de subsídio associado a passageiros com benefícios tarifários utilizado no sistema por monotrilho no ano?",numeric,1,1,0,0,1,Subsídios a Passageiros (Monotrilho),Receita,Monotrilho,Monotrilho
3.2.7.C,"Se houver receita extratarifária, qual o valor arrecadado com subsídio direto ao sistema (subvenção) no sistema por monotrilho em 2023?","Se houver receita extratarifária, qual o valor arrecadado com subsídio direto ao sistema (subvenção) no sistema por monotrilho no ano?",numeric,1,1,0,0,1,Subsídios ao Sistema (Monotrilho),Receita,Monotrilho,Monotrilho
3.2.7.D,"Se houver receita extratarifária, qual o valor arrecadado com publicidade em abrigos, terminais e veículos no sistema por monotrilho em 2023?","Se houver receita extratarifária, qual o valor arrecadado com publicidade em abrigos, terminais e veículos no sistema por monotrilho no ano?",numeric,1,1,0,0,1,Receita Extratarifária com Publicidade (Monotrilho),Receita,Monotrilho,Monotrilho
3.2.7.E,"Se houver receita extratarifária, qual o valor arrecadado com outras fontes de recursos no sistema por monotrilho em 2023?","Se houver receita extratarifária, qual o valor arrecadado com outras fontes de recursos no sistema por monotrilho no ano?",numeric,1,1,0,0,1,Receita Extratarifária de Outras Fontes (Monotrilho),Receita,Monotrilho,Monotrilho
3.2.8.A,Qual o valor da receita tarifária anual por aeromóvel arrecado em 2023?,Qual o valor da receita tarifária anual por aeromóvel arrecado no ano?,numeric,1,1,0,0,1,Receita Tarifária (Aeromóvel),Receita,Aeromóvel,Aeromóvel
3.2.8.B,"Se houver receita extratarifária, qual o valor de subsídio associado a passageiros com benefícios tarifários utilizado no sistema por aeromóvel em 2023?","Se houver receita extratarifária, qual o valor de subsídio associado a passageiros com benefícios tarifários utilizado no sistema por aeromóvel no ano?",numeric,1,1,0,0,1,Subsídios a Passageiros (Aeromóvel),Receita,Aeromóvel,Aeromóvel
3.2.8.C,"Se houver receita extratarifária, qual o valor arrecadado com subsídio direto ao sistema (subvenção) no sistema por aeromóvel em 2023?","Se houver receita extratarifária, qual o valor arrecadado com subsídio direto ao sistema (subvenção) no sistema por aeromóvel no ano?",numeric,1,1,0,0,1,Subsídios ao Sistema (Aeromóvel),Receita,Aeromóvel,Aeromóvel
3.2.8.D,"Se houver receita extratarifária, qual o valor arrecadado com publicidade em abrigos, terminais e veículos no sistema por aeromóvel em 2023?","Se houver receita extratarifária, qual o valor arrecadado com publicidade em abrigos, terminais e veículos no sistema por aeromóvel no ano?",numeric,1,1,0,0,1,Receita Extratarifária com Publicidade (Aeromóvel),Receita,Aeromóvel,Aeromóvel
3.2.8.E,"Se houver receita extratarifária, qual o valor arrecadado com outras fontes de recursos no sistema por aeromóvel em 2023?","Se houver receita extratarifária, qual o valor arrecadado com outras fontes de recursos no sistema por aeromóvel no ano?",numeric,1,1,0,0,1,Receita Extratarifária de Outras Fontes (Aeromóvel),Receita,Aeromóvel,Aeromóvel
3.3.1.A,Quais os impostos incidentes no serviço de transporte por ônibus?,Quais os impostos incidentes no serviço de transporte por ônibus?,numeric,1,1,0,0,1,NA,NA,NA,NA
3.3.1.B,Qual o percentual de ISS incidente no serviço de transporte por ônibus?,Qual o percentual de ISS incidente no serviço de transporte por ônibus?,numeric,1,1,0,1,0,Impostos e taxas - Alíquota ISS (Ônibus),Custos,Ônibus,Ônibus
3.3.1.C,Qual o percentual de Taxa de Gerenciamento incidente no serviço de transporte por ônibus?,Qual o percentual de Taxa de Gerenciamento incidente no serviço de transporte por ônibus?,numeric,1,1,0,1,0,Impostos e Taxas - Taxa de Gerenciamento (Ônibus),Custos,Ônibus,Ônibus
3.3.1.D,Qual o percentual de PIS incidente no serviço de transporte por ônibus?,Qual o percentual de PIS incidente no serviço de transporte por ônibus?,numeric,1,1,0,1,0,Impostos e Taxas - PIS (Ônibus),Custos,Ônibus,Ônibus
3.3.1.E,Qual o percentual de Cofins incidente no serviço de transporte por ônibus?,Qual o percentual de Cofins incidente no serviço de transporte por ônibus?,numeric,1,1,0,1,0,Impostos e Taxas - Cofins (Ônibus),Custos,Ônibus,Ônibus
3.3.1.F,Qual o percentual de outros impostos incidentes no serviço de transporte por ônibus?,Qual o percentual de outros impostos incidentes no serviço de transporte por ônibus?,numeric,1,1,0,1,0,Impostos e Taxas - Alíquota Outros Impostos (Ônibus),Custos,Ônibus,Ônibus
3.3.1.G,Quais outros impostos incidem no serviço de transporte por ônibus?,Quais outros impostos incidem no serviço de transporte por ônibus?,numeric,1,1,0,0,1,Impostos e Taxas - Outros Impostos (Ônibus),Custos,Ônibus,Ônibus
3.3.1.H,Quais os impostos incidentes no serviço de transporte por vans/microônibus?,Quais os impostos incidentes no serviço de transporte por vans/microônibus?,numeric,1,1,0,0,1,NA,NA,NA,NA
3.3.1.I,Qual o percentual de ISS incidente no serviço de transporte por vans/microônibus?,Qual o percentual de ISS incidente no serviço de transporte por vans/microônibus?,numeric,1,1,0,1,0,Impostos e taxas - Alíquota ISS (Vans/Microônibus),Custos,Vans/Microônibus,Microônibus
3.3.1.J,Qual o percentual de Taxa de Gerenciamento incidente no serviço de transporte por vans/microônibus?,Qual o percentual de Taxa de Gerenciamento incidente no serviço de transporte por vans/microônibus?,numeric,1,1,0,1,0,Impostos e Taxas - Taxa de Gerenciamento (Vans/Microônibus),Custos,Vans/Microônibus,Microônibus
3.3.1.K,Qual o percentual de PIS incidente no serviço de transporte por vans/microônibus?,Qual o percentual de PIS incidente no serviço de transporte por vans/microônibus?,numeric,1,1,0,1,0,Impostos e Taxas - PIS (Vans/Microônibus),Custos,Vans/Microônibus,Microônibus
3.3.1.L,Qual o percentual de Cofins incidente no serviço de transporte por vans/microônibus?,Qual o percentual de Cofins incidente no serviço de transporte por vans/microônibus?,numeric,1,1,0,1,0,Impostos e Taxas - Cofins (Vans/Microônibus),Custos,Vans/Microônibus,Microônibus
3.3.1.M,Qual o percentual de outros impostos incidentes no serviço de transporte por vans/microônibus?,Qual o percentual de outros impostos incidentes no serviço de transporte por vans/microônibus?,numeric,1,1,0,1,0,Impostos e Taxas - Alíquota Outros Impostos (Vans/Microônibus),Custos,Vans/Microônibus,Microônibus
3.3.1.N,Quais outros impostos incidem no serviço de transporte por vans/microônibus?,Quais outros impostos incidem no serviço de transporte por vans/microônibus?,numeric,1,1,0,0,1,Impostos e Taxas - Outros Impostos (Vans/Microônibus),Custos,Vans/Microônibus,Microônibus
3.3.1.O,Quais os impostos incidentes no serviço de transporte por metrô?,Quais os impostos incidentes no serviço de transporte por metrô?,numeric,1,1,0,0,1,NA,NA,NA,NA
3.3.1.P,Qual o percentual de ISS incidente no serviço de transporte por metrô?,Qual o percentual de ISS incidente no serviço de transporte por metrô?,numeric,1,1,0,1,0,Impostos e taxas - Alíquota ISS (Metrô),Custos,Metrô,Metrô
3.3.1.Q,Qual o percentual de Taxa de Gerenciamento incidente no serviço de transporte por metrô?,Qual o percentual de Taxa de Gerenciamento incidente no serviço de transporte por metrô?,numeric,1,1,0,1,0,Impostos e Taxas - Taxa de Gerenciamento (Metrô),Custos,Metrô,Metrô
3.3.1.R,Qual o percentual de PIS incidente no serviço de transporte por metrô?,Qual o percentual de PIS incidente no serviço de transporte por metrô?,numeric,1,1,0,1,0,Impostos e Taxas - PIS (Metrô),Custos,Metrô,Metrô
3.3.1.S,Qual o percentual de Cofins incidente no serviço de transporte por metrô?,Qual o percentual de Cofins incidente no serviço de transporte por metrô?,numeric,1,1,0,1,0,Impostos e Taxas - Cofins (Metrô),Custos,Metrô,Metrô
3.3.1.T,Qual o percentual de outros impostos incidentes no serviço de transporte por metrô?,Qual o percentual de outros impostos incidentes no serviço de transporte por metrô?,numeric,1,1,0,1,0,Impostos e Taxas - Alíquota Outros Impostos (Metrô),Custos,Metrô,Metrô
3.3.1.U,Quais outros impostos incidem no serviço de transporte por metrô?,Quais outros impostos incidem no serviço de transporte por metrô?,numeric,1,1,0,0,1,Impostos e Taxas - Outros Impostos (Metrô),Custos,Metrô,Metrô
3.3.1.V,Quais os impostos incidentes no serviço de transporte por trem?,Quais os impostos incidentes no serviço de transporte por trem?,numeric,1,1,0,0,1,NA,NA,NA,NA
3.3.1.W,Qual o percentual de ISS incidente no serviço de transporte por trem?,Qual o percentual de ISS incidente no serviço de transporte por trem?,numeric,1,1,0,1,0,Impostos e taxas - Alíquota ISS (Trem),Custos,Trem,Trem
3.3.1.X,Qual o percentual de Taxa de Gerenciamento incidente no serviço de transporte por trem?,Qual o percentual de Taxa de Gerenciamento incidente no serviço de transporte por trem?,numeric,1,1,0,1,0,Impostos e Taxas - Taxa de Gerenciamento (Trem),Custos,Trem,Trem
3.3.1.Y,Qual o percentual de PIS incidente no serviço de transporte por trem?,Qual o percentual de PIS incidente no serviço de transporte por trem?,numeric,1,1,0,1,0,Impostos e Taxas - PIS (Trem),Custos,Trem,Trem
3.3.1.Z,Qual o percentual de Cofins incidente no serviço de transporte por trem?,Qual o percentual de Cofins incidente no serviço de transporte por trem?,numeric,1,1,0,1,0,Impostos e Taxas - Cofins (Trem),Custos,Trem,Trem
3.3.1.AA,Qual o percentual de outros impostos incidentes no serviço de transporte por trem?,Qual o percentual de outros impostos incidentes no serviço de transporte por trem?,numeric,1,1,0,1,0,Impostos e Taxas - Alíquota Outros Impostos (Trem),Custos,Trem,Trem
3.3.1.AB,Quais outros impostos incidem no serviço de transporte por trem?,Quais outros impostos incidem no serviço de transporte por trem?,numeric,1,1,0,0,1,Impostos e Taxas - Outros Impostos (Trem),Custos,Trem,Trem
3.3.1.AC,Quais os impostos incidentes no serviço de transporte por barco?,Quais os impostos incidentes no serviço de transporte por barco?,numeric,1,1,0,0,1,NA,NA,NA,NA
3.3.1.AD,Qual o percentual de ISS incidente no serviço de transporte por barco?,Qual o percentual de ISS incidente no serviço de transporte por barco?,numeric,1,1,0,1,0,Impostos e taxas - Alíquota ISS (Barco),Custos,Barco,Barco
3.3.1.AE,Qual o percentual de Taxa de Gerenciamento incidente no serviço de transporte por barco?,Qual o percentual de Taxa de Gerenciamento incidente no serviço de transporte por barco?,numeric,1,1,0,1,0,Impostos e Taxas - Taxa de Gerenciamento (Barco),Custos,Barco,Barco
3.3.1.AF,Qual o percentual de PIS incidente no serviço de transporte por barco?,Qual o percentual de PIS incidente no serviço de transporte por barco?,numeric,1,1,0,1,0,Impostos e Taxas - PIS (Barco),Custos,Barco,Barco
3.3.1.AG,Qual o percentual de Cofins incidente no serviço de transporte por barco?,Qual o percentual de Cofins incidente no serviço de transporte por barco?,numeric,1,1,0,1,0,Impostos e Taxas - Cofins (Barco),Custos,Barco,Barco
3.3.1.AH,Qual o percentual de outros impostos incidentes no serviço de transporte por barco?,Qual o percentual de outros impostos incidentes no serviço de transporte por barco?,numeric,1,1,0,1,0,Impostos e Taxas - Alíquota Outros Impostos (Barco),Custos,Barco,Barco
3.3.1.AI,Quais outros impostos incidem no serviço de transporte por barco?,Quais outros impostos incidem no serviço de transporte por barco?,numeric,1,1,0,0,1,Impostos e Taxas - Outros Impostos (Barco),Custos,Barco,Barco
3.3.1.AJ,Quais os impostos incidentes no serviço de transporte por VLT?,Quais os impostos incidentes no serviço de transporte por VLT?,numeric,1,1,0,0,1,NA,NA,NA,NA
3.3.1.AK,Qual o percentual de ISS incidente no serviço de transporte por VLT?,Qual o percentual de ISS incidente no serviço de transporte por VLT?,numeric,1,1,0,1,0,Impostos e taxas - Alíquota ISS (VLT),Custos,VLT,VLT
3.3.1.AL,Qual o percentual de Taxa de Gerenciamento incidente no serviço de transporte por VLT?,Qual o percentual de Taxa de Gerenciamento incidente no serviço de transporte por VLT?,numeric,1,1,0,1,0,Impostos e Taxas - Taxa de Gerenciamento (VLT),Custos,VLT,VLT
3.3.1.AM,Qual o percentual de PIS incidente no serviço de transporte por VLT?,Qual o percentual de PIS incidente no serviço de transporte por VLT?,numeric,1,1,0,1,0,Impostos e Taxas - PIS (VLT),Custos,VLT,VLT
3.3.1.AN,Qual o percentual de Cofins incidente no serviço de transporte por VLT?,Qual o percentual de Cofins incidente no serviço de transporte por VLT?,numeric,1,1,0,1,0,Impostos e Taxas - Cofins (VLT),Custos,VLT,VLT
3.3.1.AO,Qual o percentual de outros impostos incidentes no serviço de transporte por VLT?,Qual o percentual de outros impostos incidentes no serviço de transporte por VLT?,numeric,1,1,0,1,0,Impostos e Taxas - Alíquota Outros Impostos (VLT),Custos,VLT,VLT
3.3.1.AP,Quais outros impostos incidem no serviço de transporte por VLT?,Quais outros impostos incidem no serviço de transporte por VLT?,numeric,1,1,0,0,1,Impostos e Taxas - Outros Impostos (VLT),Custos,VLT,VLT
3.3.1.AQ,Quais os impostos incidentes no serviço de transporte por monotrilho?,Quais os impostos incidentes no serviço de transporte por monotrilho?,numeric,1,1,0,0,1,NA,NA,NA,NA
3.3.1.AR,Qual o percentual de ISS incidente no serviço de transporte por monotrilho?,Qual o percentual de ISS incidente no serviço de transporte por monotrilho?,numeric,1,1,0,1,0,Impostos e taxas - Alíquota ISS (Monotrilho),Custos,Monotrilho,Monotrilho
3.3.1.AS,Qual o percentual de Taxa de Gerenciamento incidente no serviço de transporte por monotrilho?,Qual o percentual de Taxa de Gerenciamento incidente no serviço de transporte por monotrilho?,numeric,1,1,0,1,0,Impostos e Taxas - Taxa de Gerenciamento (Monotrilho),Custos,Monotrilho,Monotrilho
3.3.1.AT,Qual o percentual de PIS incidente no serviço de transporte por monotrilho?,Qual o percentual de PIS incidente no serviço de transporte por monotrilho?,numeric,1,1,0,1,0,Impostos e Taxas - PIS (Monotrilho),Custos,Monotrilho,Monotrilho
3.3.1.AU,Qual o percentual de Cofins incidente no serviço de transporte por monotrilho?,Qual o percentual de Cofins incidente no serviço de transporte por monotrilho?,numeric,1,1,0,1,0,Impostos e Taxas - Cofins (Monotrilho),Custos,Monotrilho,Monotrilho
3.3.1.AV,Qual o percentual de outros impostos incidentes no serviço de transporte por monotrilho?,Qual o percentual de outros impostos incidentes no serviço de transporte por monotrilho?,numeric,1,1,0,1,0,Impostos e Taxas - Alíquota Outros Impostos (Monotrilho),Custos,Monotrilho,Monotrilho
3.3.1.AW,Quais outros impostos incidem no serviço de transporte por monotrilho?,Quais outros impostos incidem no serviço de transporte por monotrilho?,numeric,1,1,0,0,1,Impostos e Taxas - Outros Impostos (Monotrilho),Custos,Monotrilho,Monotrilho
3.3.1.AX,Quais os impostos incidentes no serviço de transporte por aeromóvel?,Quais os impostos incidentes no serviço de transporte por aeromóvel?,numeric,1,1,0,0,1,NA,NA,NA,NA
3.3.1.AY,Qual o percentual de ISS incidente no serviço de transporte por aeromóvel?,Qual o percentual de ISS incidente no serviço de transporte por aeromóvel?,numeric,1,1,0,1,0,Impostos e taxas - Alíquota ISS (Aeromóvel),Custos,Aeromóvel,Aeromóvel
3.3.1.AZ,Qual o percentual de Taxa de Gerenciamento incidente no serviço de transporte por aeromóvel?,Qual o percentual de Taxa de Gerenciamento incidente no serviço de transporte por aeromóvel?,numeric,1,1,0,1,0,Impostos e Taxas - Taxa de Gerenciamento (Aeromóvel),Custos,Aeromóvel,Aeromóvel
3.3.1.BA,Qual o percentual de PIS incidente no serviço de transporte por aeromóvel?,Qual o percentual de PIS incidente no serviço de transporte por aeromóvel?,numeric,1,1,0,1,0,Impostos e Taxas - PIS (Aeromóvel),Custos,Aeromóvel,Aeromóvel
3.3.1.BC,Qual o percentual de Cofins incidente no serviço de transporte por aeromóvel?,Qual o percentual de Cofins incidente no serviço de transporte por aeromóvel?,numeric,1,1,0,1,0,Impostos e Taxas - Cofins (Aeromóvel),Custos,Aeromóvel,Aeromóvel
3.3.1.BD,Qual o percentual de outros impostos incidentes no serviço de transporte por aeromóvel?,Qual o percentual de outros impostos incidentes no serviço de transporte por aeromóvel?,numeric,1,1,0,1,0,Impostos e Taxas - Alíquota Outros Impostos (Aeromóvel),Custos,Aeromóvel,Aeromóvel
3.3.1.BE,Quais outros impostos incidem no serviço de transporte por aeromóvel?,Quais outros impostos incidem no serviço de transporte por aeromóvel?,numeric,1,1,0,0,1,Impostos e Taxas - Outros Impostos (Aeromóvel),Custos,Aeromóvel,Aeromóvel
3.4.1.A,Qual o número de passageiros comuns transportados no serviço de transporte por ônibus em 2023?,Qual o número de passageiros comuns transportados no serviço de transporte por ônibus no ano?,numeric,1,1,0,0,1,Passageiros de Ônibus (Comum),Demanda,Ônibus,Ônibus
3.4.1.B,Qual o número de passageiros transportados com Vale Transporte no serviço de transporte por ônibus em 2023?,Qual o número de passageiros transportados com Vale Transporte no serviço de transporte por ônibus no ano?,numeric,1,1,0,0,1,Passageiros de Ônibus (Vale Transporte),Demanda,Ônibus,Ônibus
3.4.1.C,Qual o número de estudantes transportados no serviço de transporte por ônibus em 2023?,Qual o número de estudantes transportados no serviço de transporte por ônibus no ano?,numeric,1,1,0,0,1,Passageiros de Ônibus (Estudante),Demanda,Ônibus,Ônibus
3.4.1.D,Qual o número de passageiros transportados com integração tarifária no serviço de transporte por ônibus em 2023?,Qual o número de passageiros transportados com integração tarifária no serviço de transporte por ônibus no ano?,numeric,1,1,0,0,1,Passageiros de Ônibus (Integração),Demanda,Ônibus,Ônibus
3.4.1.E,Qual o número de gratuidades no serviço de transporte por ônibus em 2023?,Qual o número de gratuidades no serviço de transporte por ônibus no ano?,numeric,1,1,0,0,1,Passageiros de Ônibus (Gratuidade),Demanda,Ônibus,Ônibus
3.4.1.F,Qual o número de passageiros equivalentes transportados no serviço de transporte por ônibus em 2023?,Qual o número de passageiros equivalentes transportados no serviço de transporte por ônibus no ano?,numeric,1,1,0,0,1,Passageiros de Ônibus (Equivalentes),Demanda,Ônibus,Ônibus
3.4.1.G,Qual o número de passageiros comuns transportados no serviço de transporte por vans/microônibus em 2023?,Qual o número de passageiros comuns transportados no serviço de transporte por vans/microônibus no ano?,numeric,1,1,0,0,1,Passageiros de Vans/Microônibus (Comum),Demanda,Vans/Microônibus,Microônibus
3.4.1.H,Qual o número de passageiros transportados com Vale Transporte no serviço de transporte por vans/microônibus em 2023?,Qual o número de passageiros transportados com Vale Transporte no serviço de transporte por vans/microônibus no ano?,numeric,1,1,0,0,1,Passageiros de Vans/Microônibus (Vale Transporte),Demanda,Vans/Microônibus,Microônibus
3.4.1.I,Qual o número de estudantes transportados no serviço de transporte por vans/microônibus em 2023?,Qual o número de estudantes transportados no serviço de transporte por vans/microônibus no ano?,numeric,1,1,0,0,1,Passageiros de Vans/Microônibus (Estudante),Demanda,Vans/Microônibus,Microônibus
3.4.1.J,Qual o número de passageiros transportados com integração tarifária no serviço de transporte por vans/microônibus em 2023?,Qual o número de passageiros transportados com integração tarifária no serviço de transporte por vans/microônibus no ano?,numeric,1,1,0,0,1,Passageiros de Vans/Microônibus (Integração),Demanda,Vans/Microônibus,Microônibus
3.4.1.K,Qual o número de gratuidades no serviço de transporte por vans/microônibus em 2023?,Qual o número de gratuidades no serviço de transporte por vans/microônibus no ano?,numeric,1,1,0,0,1,Passageiros de Vans/Microônibus (Gratuidade),Demanda,Vans/Microônibus,Microônibus
3.4.1.L,Qual o número de passageiros equivalentes transportados no serviço de transporte por vans/microônibus em 2023?,Qual o número de passageiros equivalentes transportados no serviço de transporte por vans/microônibus no ano?,numeric,1,1,0,0,1,Passageiros de Vans/Microônibus (Equivalentes),Demanda,Vans/Microônibus,Microônibus
3.4.1.M,Qual o número de passageiros comuns transportados no serviço de transporte por metrô em 2023?,Qual o número de passageiros comuns transportados no serviço de transporte por metrô no ano?,numeric,1,1,0,0,1,Passageiros de Metrô (Comum),Demanda,Metrô,Metrô
3.4.1.N,Qual o número de passageiros transportados com Vale Transporte no serviço de transporte por metrô em 2023?,Qual o número de passageiros transportados com Vale Transporte no serviço de transporte por metrô no ano?,numeric,1,1,0,0,1,Passageiros de Metrô (Vale Transporte),Demanda,Metrô,Metrô
3.4.1.O,Qual o número de estudantes transportados no serviço de transporte por metrô em 2023?,Qual o número de estudantes transportados no serviço de transporte por metrô no ano?,numeric,1,1,0,0,1,Passageiros de Metrô (Estudante),Demanda,Metrô,Metrô
3.4.1.P,Qual o número de passageiros transportados com integração tarifária no serviço de transporte por metrô em 2023?,Qual o número de passageiros transportados com integração tarifária no serviço de transporte por metrô no ano?,numeric,1,1,0,0,1,Passageiros de Metrô (Integração),Demanda,Metrô,Metrô
3.4.1.Q,Qual o número de gratuidades no serviço de transporte por metrô em 2023?,Qual o número de gratuidades no serviço de transporte por metrô no ano?,numeric,1,1,0,0,1,Passageiros de Metrô (Gratuidade),Demanda,Metrô,Metrô
3.4.1.R,Qual o número de passageiros equivalentes transportados no serviço de transporte por metrô em 2023?,Qual o número de passageiros equivalentes transportados no serviço de transporte por metrô no ano?,numeric,1,1,0,0,1,Passageiros de Metrô (Equivalentes),Demanda,Metrô,Metrô
3.4.1.S,Qual o número de passageiros comuns transportados no serviço de transporte por trem em 2023?,Qual o número de passageiros comuns transportados no serviço de transporte por trem no ano?,numeric,1,1,0,0,1,Passageiros de Trem (Comum),Demanda,Trem,Trem
3.4.1.T,Qual o número de passageiros transportados com Vale Transporte no serviço de transporte por trem em 2023?,Qual o número de passageiros transportados com Vale Transporte no serviço de transporte por trem no ano?,numeric,1,1,0,0,1,Passageiros de Trem (Vale Transporte),Demanda,Trem,Trem
3.4.1.U,Qual o número de estudantes transportados no serviço de transporte por trem em 2023?,Qual o número de estudantes transportados no serviço de transporte por trem no ano?,numeric,1,1,0,0,1,Passageiros de Trem (Estudante),Demanda,Trem,Trem
3.4.1.V,Qual o número de passageiros transportados com integração tarifária no serviço de transporte por trem em 2023?,Qual o número de passageiros transportados com integração tarifária no serviço de transporte por trem no ano?,numeric,1,1,0,0,1,Passageiros de Trem (Integração),Demanda,Trem,Trem
3.4.1.W,Qual o número de gratuidades no serviço de transporte por trem em 2023?,Qual o número de gratuidades no serviço de transporte por trem no ano?,numeric,1,1,0,0,1,Passageiros de Trem (Gratuidade),Demanda,Trem,Trem
3.4.1.X,Qual o número de passageiros equivalentes transportados no serviço de transporte por trem em 2023?,Qual o número de passageiros equivalentes transportados no serviço de transporte por trem no ano?,numeric,1,1,0,0,1,Passageiros de Trem (Equivalentes),Demanda,Trem,Trem
3.4.1.Y,Qual o número de passageiros comuns transportados no serviço de transporte por barco em 2023?,Qual o número de passageiros comuns transportados no serviço de transporte por barco no ano?,numeric,1,1,0,0,1,Passageiros de Barco (Comum),Demanda,Barco,Barco
3.4.1.Z,Qual o número de passageiros transportados com Vale Transporte no serviço de transporte por barco em 2023?,Qual o número de passageiros transportados com Vale Transporte no serviço de transporte por barco no ano?,numeric,1,1,0,0,1,Passageiros de Barco (Vale Transporte),Demanda,Barco,Barco
3.4.1.AA,Qual o número de estudantes transportados no serviço de transporte por barco em 2023?,Qual o número de estudantes transportados no serviço de transporte por barco no ano?,numeric,1,1,0,0,1,Passageiros de Barco (Estudante),Demanda,Barco,Barco
3.4.1.AB,Qual o número de passageiros transportados com integração tarifária no serviço de transporte por barco em 2023?,Qual o número de passageiros transportados com integração tarifária no serviço de transporte por barco no ano?,numeric,1,1,0,0,1,Passageiros de Barco (Integração),Demanda,Barco,Barco
3.4.1.AC,Qual o número de gratuidades no serviço de transporte por barco em 2023?,Qual o número de gratuidades no serviço de transporte por barco no ano?,numeric,1,1,0,0,1,Passageiros de Barco (Gratuidade),Demanda,Barco,Barco
3.4.1.AD,Qual o número de passageiros equivalentes transportados no serviço de transporte por barco em 2023?,Qual o número de passageiros equivalentes transportados no serviço de transporte por barco no ano?,numeric,1,1,0,0,1,Passageiros de Barco (Equivalentes),Demanda,Barco,Barco
3.4.1.AE,Qual o número de passageiros comuns transportados no serviço de transporte por VLT em 2023?,Qual o número de passageiros comuns transportados no serviço de transporte por VLT no ano?,numeric,1,1,0,0,1,Passageiros de VLT (Comum),Demanda,VLT,VLT
3.4.1.AF,Qual o número de passageiros transportados com Vale Transporte no serviço de transporte por VLT em 2023?,Qual o número de passageiros transportados com Vale Transporte no serviço de transporte por VLT no ano?,numeric,1,1,0,0,1,Passageiros de VLT (Vale Transporte),Demanda,VLT,VLT
3.4.1.AG,Qual o número de estudantes transportados no serviço de transporte por VLT em 2023?,Qual o número de estudantes transportados no serviço de transporte por VLT no ano?,numeric,1,1,0,0,1,Passageiros de VLT (Estudante),Demanda,VLT,VLT
3.4.1.AH,Qual o número de passageiros transportados com integração tarifária no serviço de transporte por VLT em 2023?,Qual o número de passageiros transportados com integração tarifária no serviço de transporte por VLT no ano?,numeric,1,1,0,0,1,Passageiros de VLT (Integração),Demanda,VLT,VLT
3.4.1.AI,Qual o número de gratuidades no serviço de transporte por VLT em 2023?,Qual o número de gratuidades no serviço de transporte por VLT no ano?,numeric,1,1,0,0,1,Passageiros de VLT (Gratuidade),Demanda,VLT,VLT
3.4.1.AJ,Qual o número de passageiros equivalentes transportados no serviço de transporte por VLT em 2023?,Qual o número de passageiros equivalentes transportados no serviço de transporte por VLT no ano?,numeric,1,1,0,0,1,Passageiros de VLT (Equivalentes),Demanda,VLT,VLT
3.4.1.AK,Qual o número de passageiros comuns transportados no serviço de transporte por monotrilho em 2023?,Qual o número de passageiros comuns transportados no serviço de transporte por monotrilho no ano?,numeric,1,1,0,0,1,Passageiros de Monotrilho (Comum),Demanda,Monotrilho,Monotrilho
3.4.1.AL,Qual o número de passageiros transportados com Vale Transporte no serviço de transporte por monotrilho em 2023?,Qual o número de passageiros transportados com Vale Transporte no serviço de transporte por monotrilho no ano?,numeric,1,1,0,0,1,Passageiros de Monotrilho (Vale Transporte),Demanda,Monotrilho,Monotrilho
3.4.1.AM,Qual o número de estudantes transportados no serviço de transporte por monotrilho em 2023?,Qual o número de estudantes transportados no serviço de transporte por monotrilho no ano?,numeric,1,1,0,0,1,Passageiros de Monotrilho (Estudante),Demanda,Monotrilho,Monotrilho
3.4.1.AN,Qual o número de passageiros transportados com integração tarifária no serviço de transporte por monotrilho em 2023?,Qual o número de passageiros transportados com integração tarifária no serviço de transporte por monotrilho no ano?,numeric,1,1,0,0,1,Passageiros de Monotrilho (Integração),Demanda,Monotrilho,Monotrilho
3.4.1.AO,Qual o número de gratuidades no serviço de transporte por monotrilho em 2023?,Qual o número de gratuidades no serviço de transporte por monotrilho no ano?,numeric,1,1,0,0,1,Passageiros de Monotrilho (Gratuidade),Demanda,Monotrilho,Monotrilho
3.4.1.AP,Qual o número de passageiros equivalentes transportados no serviço de transporte por monotrilho em 2023?,Qual o número de passageiros equivalentes transportados no serviço de transporte por monotrilho no ano?,numeric,1,1,0,0,1,Passageiros de Monotrilho (Equivalentes),Demanda,Monotrilho,Monotrilho
3.4.1.AQ,Qual o número de passageiros comuns transportados no serviço de transporte por aeromóvel em 2023?,Qual o número de passageiros comuns transportados no serviço de transporte por aeromóvel no ano?,numeric,1,1,0,0,1,Passageiros de Aeromóvel (Comum),Demanda,Aeromóvel,Aeromóvel
3.4.1.AR,Qual o número de passageiros transportados com Vale Transporte no serviço de transporte por aeromóvel em 2023?,Qual o número de passageiros transportados com Vale Transporte no serviço de transporte por aeromóvel no ano?,numeric,1,1,0,0,1,Passageiros de Aeromóvel (Vale Transporte),Demanda,Aeromóvel,Aeromóvel
3.4.1.AS,Qual o número de estudantes transportados no serviço de transporte por aeromóvel em 2023?,Qual o número de estudantes transportados no serviço de transporte por aeromóvel no ano?,numeric,1,1,0,0,1,Passageiros de Aeromóvel (Estudante),Demanda,Aeromóvel,Aeromóvel
3.4.1.AT,Qual o número de passageiros transportados com integração tarifária no serviço de transporte por aeromóvel em 2023?,Qual o número de passageiros transportados com integração tarifária no serviço de transporte por aeromóvel no ano?,numeric,1,1,0,0,1,Passageiros de Aeromóvel (Integração),Demanda,Aeromóvel,Aeromóvel
3.4.1.AU,Qual o número de gratuidades no serviço de transporte por aeromóvel em 2023?,Qual o número de gratuidades no serviço de transporte por aeromóvel no ano?,numeric,1,1,0,0,1,Passageiros de Aeromóvel (Gratuidade),Demanda,Aeromóvel,Aeromóvel
3.4.1.AV,Qual o número de passageiros equivalentes transportados no serviço de transporte por aeromóvel em 2023?,Qual o número de passageiros equivalentes transportados no serviço de transporte por aeromóvel no ano?,numeric,1,1,0,0,1,Passageiros de Aeromóvel (Equivalentes),Demanda,Aeromóvel,Aeromóvel
3.5.1,Quais categorias de passageiros recebem desconto no valor da tarifa do serviço de transporte público no município?,Quais categorias de passageiros recebem desconto no valor da tarifa do serviço de transporte público no município?,text,0,0,0,0,0,Categorias Desconto,Tarifa,NA,NA
3.5.1.A,Qual o percentual de desconto sobre a valor da tarifa pago pelos passageiros de baixa renda?,Qual o percentual de desconto sobre a valor da tarifa pago pelos passageiros de baixa renda?,numeric,0,0,0,1,0,Baixa Renda - Percentual de Desconto,Tarifa,Subsídios,NA
3.5.1.AA,Qual a renda máxima das pessoas de baixa renda que recebem desconto na no valor da tarifa? (Em salários mínimos),Qual a renda máxima das pessoas de baixa renda que recebem desconto na no valor da tarifa? (Em salários mínimos),numeric,0,0,0,0,1,Baixa Renda - Classificação,Tarifa,NA,NA
3.5.1.B,Qual o percentual de desconto sobre a valor da tarifa pago pelos passageiros com idade de 60 a 64 anos?,Qual o percentual de desconto sobre a valor da tarifa pago pelos passageiros com idade de 60 a 64 anos?,numeric,0,0,0,1,0,Idosos - Tarifa Paga,Tarifa,Subsídios,NA
3.5.1.C,Qual o percentual de desconto sobre a valor da tarifa pago pelos passageiros com deficiência e mobilidade reduzida?,Qual o percentual de desconto sobre a valor da tarifa pago pelos passageiros com deficiência e mobilidade reduzida?,numeric,0,0,0,1,0,Deficientes - Tarifa Paga,Tarifa,Subsídios,NA
3.5.1.D,Qual o percentual de desconto sobre a valor da tarifa pago pelos estudantes da rede pública de ensino?,Qual o percentual de desconto sobre a valor da tarifa pago pelos estudantes da rede pública de ensino?,numeric,0,0,0,1,0,Estudantes de Rede Pública - Percentual de Desconto,Tarifa,Subsídios,NA
3.5.1.E,Qual o percentual de desconto sobre a valor da tarifa pago pelos estudantes da rede privada de ensino?,Qual o percentual de desconto sobre a valor da tarifa pago pelos estudantes da rede privada de ensino?,numeric,0,0,0,1,0,Estudantes de Rede Privada - Percentual de Desconto,Tarifa,Subsídios,NA
3.6.1.A,Qual o valor da Bandeirada do transporte público individual (táxi) no município?,Qual o valor da Bandeirada do transporte público individual (táxi) no município?,numeric,1,1,0,0,1,Táxi - Valor da Bandeirada,Tarifa,Táxi,Táxi
3.6.1.B,"Qual o valor da Bandeirada 1 do serviço de táxi, por quilômetro rodado, se houver?","Qual o valor da Bandeirada 1 do serviço de táxi, por quilômetro rodado, se houver?",numeric,0,0,0,0,1,Táxi - Valor da Bandeirada 1,Tarifa,Táxi,Táxi
3.6.1.C,"Qual o valor da Bandeirada 2 do serviço de táxi, por quilômetro rodado, se houver?","Qual o valor da Bandeirada 2 do serviço de táxi, por quilômetro rodado, se houver?",numeric,0,0,0,0,1,Táxi - Valor da Bandeirada 2,Tarifa,Táxi,Táxi
3.6.1.D,"Qual o valor do serviço de táxi, por hora parada, se houver?","Qual o valor do serviço de táxi, por hora parada, se houver?",numeric,1,1,0,0,1,Táxi - Valor Hora Parada,Tarifa,Táxi,Táxi
3.6.1.E,"Qual o valor da tarifa aeroporto do serviço de táxi, se houver?","Qual o valor da tarifa aeroporto do serviço de táxi, se houver?",numeric,1,1,0,0,1,Táxi - Valor Tarifa Aeroporto,Tarifa,Táxi,Táxi
3.6.1.F,"Qual o valor da Bandeirada do serviço de mototáxi no município, se houver?","Qual o valor da Bandeirada do serviço de mototáxi no município, se houver?",numeric,1,1,0,0,1,Táxi - Valor da Bandeirada,Tarifa,Mototáxi,Mototáxi
3.6.1.G,"Qual o valor da Bandeirada 1 do serviço de mototáxi, por quilômetro rodado, se houver?","Qual o valor da Bandeirada 1 do serviço de mototáxi, por quilômetro rodado, se houver?",numeric,0,0,0,0,1,Táxi - Valor da Bandeirada 1,Tarifa,Mototáxi,Mototáxi
3.6.1.H,"Qual o valor da Bandeirada 2 do serviço de mototáxi, por quilômetro rodado, se houver?","Qual o valor da Bandeirada 2 do serviço de mototáxi, por quilômetro rodado, se houver?",numeric,0,0,0,0,1,Táxi - Valor da Bandeirada 2,Tarifa,Mototáxi,Mototáxi
3.6.1.I,"Qual o valor do serviço de mototáxi, por hora parada, se houver?","Qual o valor do serviço de mototáxi, por hora parada, se houver?",numeric,1,1,0,0,1,Táxi - Valor Hora Parada,Tarifa,Mototáxi,Mototáxi
3.6.1.J,"Qual o valor da tarifa aeroporto do serviço de mototáxi, se houver?","Qual o valor da tarifa aeroporto do serviço de mototáxi, se houver?",numeric,1,1,0,0,1,Táxi - Valor Tarifa Aeroporto,Tarifa,Mototáxi,Mototáxi
3.7.1,É utilizada planilha de custos para reajuste ou revisão da tarifa do serviço de ônibus no município?,É utilizada planilha de custos para reajuste ou revisão da tarifa do serviço de ônibus no município?,binary,0,0,0,0,0,NA,NA,NA,NA
3.7.1.A,Mão de obra 1 (operação) diz respeito a qual percentual da planilha de custos do serviço por ônibus?,Mão de obra 1 (operação) diz respeito a qual percentual da planilha de custos do serviço por ônibus?,numeric,1,1,0,1,0,Custos (Ônibus) - Operação (Ônibus),Custos,Ônibus,Ônibus
3.7.1.B,Mão de obra 2 (administrativo) diz respeito a qual percentual da planilha de custos do serviço por ônibus?,Mão de obra 2 (administrativo) diz respeito a qual percentual da planilha de custos do serviço por ônibus?,numeric,1,1,0,1,0,Custos (Ônibus) - Administrativo (Ônibus),Custos,Ônibus,Ônibus
3.7.1.C,Combustíveis dizem respeito a qual percentual da planilha de custos do serviço por ônibus?,Combustíveis dizem respeito a qual percentual da planilha de custos do serviço por ônibus?,numeric,1,1,0,1,0,Custos (Ônibus) - Combustível (Ônibus),Custos,Ônibus,Ônibus
3.7.1.D,Depreciação de veículos diz respeito a qual percentual da planilha de custos do serviço por ônibus?,Depreciação de veículos diz respeito a qual percentual da planilha de custos do serviço por ônibus?,numeric,1,1,0,1,0,Custos (Ônibus) - Depreciação (Ônibus),Custos,Ônibus,Ônibus
3.7.1.E,Remuneração pela prestação do serviço diz respeito a qual percentual da planilha de custos do serviço por ônibus?,Remuneração pela prestação do serviço diz respeito a qual percentual da planilha de custos do serviço por ônibus?,numeric,1,1,0,1,0,Custos (Ônibus) - Remuneração pelo Serviço Prestado (Ônibus),Custos,Ônibus,Ônibus
3.7.1.F,"Peças, acessórios e material de rodagem dizem respeito a qual percentual da planilha de custos do serviço por ônibus?","Peças, acessórios e material de rodagem dizem respeito a qual percentual da planilha de custos do serviço por ônibus?",numeric,1,1,0,1,0,"Custos (Ônibus) - Peças, acessórios e material de rodagem (Ônibus)",Custos,Ônibus,Ônibus
3.7.1.G,Impostos e tributação dizem respeito a qual percentual da planilha de custos do serviço por ônibus?,Impostos e tributação dizem respeito a qual percentual da planilha de custos do serviço por ônibus?,numeric,1,1,0,1,0,Custos (Ônibus) - Impostos e Tributação (Ônibus),Custos,Ônibus,Ônibus
3.7.1.H,Despesas administrativas dizem respeito a qual percentual da planilha de custos do serviço por ônibus?,Despesas administrativas dizem respeito a qual percentual da planilha de custos do serviço por ônibus?,numeric,1,1,0,1,0,Custos (Ônibus) - Despesas Administrativas (Ônibus),Custos,Ônibus,Ônibus
3.7.1.I,Outros insumos dizem respeito a qual percentual da planilha de custos do serviço por ônibus?,Outros insumos dizem respeito a qual percentual da planilha de custos do serviço por ônibus?,numeric,1,1,0,1,0,Custos (Ônibus) - Outros insumos (Ônibus),Custos,Ônibus,Ônibus
3.7.1.J,"Se houver outros insumos, especificar:","Se houver outros insumos, especificar:",numeric,0,1,0,0,1,Outros insumos detalhamento (Ônibus),missing,Ônibus,Ônibus
3.7.2,É utilizada planilha de custos para reajuste ou revisão da tarifa do serviço de vans/microônibus no município?,É utilizada planilha de custos para reajuste ou revisão da tarifa do serviço de vans/microônibus no município?,binary,0,0,0,0,0,NA,NA,NA,NA
3.7.2.A,Mão de obra 1 (operação) diz respeito a qual percentual da planilha de custos do serviço por vans/microônibus?,Mão de obra 1 (operação) diz respeito a qual percentual da planilha de custos do serviço por vans/microônibus?,numeric,1,1,0,1,0,Custos (Vans/Microônibus) - Operação (Ônibus),Custos,Vans/Microônibus,Microônibus
3.7.2.B,Mão de obra 2 (administrativo) diz respeito a qual percentual da planilha de custos do serviço por vans/microônibus?,Mão de obra 2 (administrativo) diz respeito a qual percentual da planilha de custos do serviço por vans/microônibus?,numeric,1,1,0,1,0,Custos (Vans/Microônibus) - Administrativo (Ônibus),Custos,Vans/Microônibus,Microônibus
3.7.2.C,Combustíveis dizem respeito a qual percentual da planilha de custos do serviço por vans/microônibus?,Combustíveis dizem respeito a qual percentual da planilha de custos do serviço por vans/microônibus?,numeric,1,1,0,1,0,Custos (Vans/Microônibus) - Combustível (Ônibus),Custos,Vans/Microônibus,Microônibus
3.7.2.D,Depreciação de veículos diz respeito a qual percentual da planilha de custos do serviço por vans/microônibus?,Depreciação de veículos diz respeito a qual percentual da planilha de custos do serviço por vans/microônibus?,numeric,1,1,0,1,0,Custos (Vans/Microônibus) - Depreciação (Ônibus),Custos,Vans/Microônibus,Microônibus
3.7.2.E,Remuneração pela prestação do serviço diz respeito a qual percentual da planilha de custos do serviço por microônibus?,Remuneração pela prestação do serviço diz respeito a qual percentual da planilha de custos do serviço por microônibus?,numeric,1,1,0,1,0,Custos (Vans/Microônibus) - Remuneração pelo Serviço Prestado (Ônibus),Custos,Vans/Microônibus,Microônibus
3.7.2.F,"Peças, acessórios e material de rodagem dizem respeito a qual percentual da planilha de custos do serviço por van/microônibus?","Peças, acessórios e material de rodagem dizem respeito a qual percentual da planilha de custos do serviço por van/microônibus?",numeric,1,1,0,1,0,"Custos (Vans/Microônibus) - Peças, acessórios e material de rodagem (Ônibus)",Custos,Vans/Microônibus,Microônibus
3.7.2.G,Impostos e tributação dizem respeito a qual percentual da planilha de custos do serviço por vans/microônibus?,Impostos e tributação dizem respeito a qual percentual da planilha de custos do serviço por vans/microônibus?,numeric,1,1,0,1,0,Custos (Vans/Microônibus) - Impostos e Tributação (Ônibus),Custos,Vans/Microônibus,Microônibus
3.7.2.H,Despesas administrativas dizem respeito a qual percentual da planilha de custos do serviço por vans/microônibus?,Despesas administrativas dizem respeito a qual percentual da planilha de custos do serviço por vans/microônibus?,numeric,1,1,0,1,0,Custos (Vans/Microônibus) - Despesas Administrativas (Ônibus),Custos,Vans/Microônibus,Microônibus
3.7.2.I,Outros insumos dizem respeito a qual percentual da planilha de custos do serviço por vans/microônibus?,Outros insumos dizem respeito a qual percentual da planilha de custos do serviço por vans/microônibus?,numeric,1,1,0,1,0,Custos (Vans/Microônibus) - Outros insumos (Ônibus),Custos,Vans/Microônibus,Microônibus
3.7.3,É utilizada planilha de custos para reajuste ou revisão da tarifa do serviço de metrô no município?,É utilizada planilha de custos para reajuste ou revisão da tarifa do serviço de metrô no município?,binary,0,0,0,0,0,NA,NA,NA,NA
3.7.3.A,Mão de obra 1 (operação) diz respeito a qual percentual da planilha de custos do serviço por metrô?,Mão de obra 1 (operação) diz respeito a qual percentual da planilha de custos do serviço por metrô?,numeric,1,1,0,1,0,Custos (Metrô) - Operação (Ônibus),Custos,Metrô,Metrô
3.7.3.B,Mão de obra 2 (administrativo) diz respeito a qual percentual da planilha de custos do serviço por metrô?,Mão de obra 2 (administrativo) diz respeito a qual percentual da planilha de custos do serviço por metrô?,numeric,1,1,0,1,0,Custos (Metrô) - Administrativo (Ônibus),Custos,Metrô,Metrô
3.7.3.C,Combustíveis dizem respeito a qual percentual da planilha de custos do serviço por metrô?,Combustíveis dizem respeito a qual percentual da planilha de custos do serviço por metrô?,numeric,1,1,0,1,0,Custos (Metrô) - Combustível (Ônibus),Custos,Metrô,Metrô
3.7.3.D,Depreciação de veículos diz respeito a qual percentual da planilha de custos do serviço por metrô?,Depreciação de veículos diz respeito a qual percentual da planilha de custos do serviço por metrô?,numeric,1,1,0,1,0,Custos (Metrô) - Depreciação (Ônibus),Custos,Metrô,Metrô
3.7.3.E,Remuneração pela prestação do serviço diz respeito a qual percentual da planilha de custos do serviço por metrô?,Remuneração pela prestação do serviço diz respeito a qual percentual da planilha de custos do serviço por metrô?,numeric,1,1,0,1,0,Custos (Metrô) - Remuneração pelo Serviço Prestado (Ônibus),Custos,Metrô,Metrô
3.7.3.F,"Peças, acessórios e material de rodagem dizem respeito a qual percentual da planilha de custos do serviço por metrô?","Peças, acessórios e material de rodagem dizem respeito a qual percentual da planilha de custos do serviço por metrô?",numeric,1,1,0,1,0,"Custos (Metrô) - Peças, acessórios e material de rodagem (Ônibus)",Custos,Metrô,Metrô
3.7.3.G,Impostos e tributação dizem respeito a qual percentual da planilha de custos do serviço por metrô?,Impostos e tributação dizem respeito a qual percentual da planilha de custos do serviço por metrô?,numeric,1,1,0,1,0,Custos (Metrô) - Impostos e Tributação (Ônibus),Custos,Metrô,Metrô
3.7.3.H,Despesas administrativas dizem respeito a qual percentual da planilha de custos do serviço por metrô?,Despesas administrativas dizem respeito a qual percentual da planilha de custos do serviço por metrô?,numeric,1,1,0,1,0,Custos (Metrô) - Despesas Administrativas (Ônibus),Custos,Metrô,Metrô
3.7.3.I,Energia diz respeito a qual percentual da planilha de custos do serviço por metrô?,Energia diz respeito a qual percentual da planilha de custos do serviço por metrô?,numeric,1,1,0,1,0,Custos (Metrô) - Energia (Ônibus),Custos,Metrô,Metrô
3.7.3.J,IPTU diz respeito a qual percentual da planilha de custos do serviço por metrô?,IPTU diz respeito a qual percentual da planilha de custos do serviço por metrô?,numeric,1,1,0,1,0,Custos (Metrô) - IPTU (Ônibus),Custos,Metrô,Metrô
3.7.3.K,Outros insumos dizem respeito a qual percentual da planilha de custos do serviço por metrô?,Outros insumos dizem respeito a qual percentual da planilha de custos do serviço por metrô?,numeric,1,1,0,1,0,Custos (Metrô) - Outros insumos (Ônibus),Custos,Metrô,Metrô
3.7.4,É utilizada planilha de custos para reajuste ou revisão da tarifa do serviço de trem no município?,É utilizada planilha de custos para reajuste ou revisão da tarifa do serviço de trem no município?,binary,1,1,0,0,0,NA,NA,NA,NA
3.7.4.A,Mão de obra 1 (operação) diz respeito a qual percentual da planilha de custos do serviço por trem?,Mão de obra 1 (operação) diz respeito a qual percentual da planilha de custos do serviço por trem?,numeric,1,1,0,1,0,Custos (Trem) - Operação (Ônibus),Custos,Trem,Trem
3.7.4.B,Mão de obra 2 (administrativo) diz respeito a qual percentual da planilha de custos do serviço por trem?,Mão de obra 2 (administrativo) diz respeito a qual percentual da planilha de custos do serviço por trem?,numeric,1,1,0,1,0,Custos (Trem) - Administrativo (Ônibus),Custos,Trem,Trem
3.7.4.C,Combustíveis dizem respeito a qual percentual da planilha de custos do serviço por trem?,Combustíveis dizem respeito a qual percentual da planilha de custos do serviço por trem?,numeric,1,1,0,1,0,Custos (Trem) - Combustível (Ônibus),Custos,Trem,Trem
3.7.4.D,Depreciação de veículos diz respeito a qual percentual da planilha de custos do serviço por trem?,Depreciação de veículos diz respeito a qual percentual da planilha de custos do serviço por trem?,numeric,1,1,0,1,0,Custos (Trem) - Depreciação (Ônibus),Custos,Trem,Trem
3.7.4.E,Remuneração pela prestação do serviço diz respeito a qual percentual da planilha de custos do serviço por trem?,Remuneração pela prestação do serviço diz respeito a qual percentual da planilha de custos do serviço por trem?,numeric,1,1,0,1,0,Custos (Trem) - Remuneração pelo Serviço Prestado (Ônibus),Custos,Trem,Trem
3.7.4.F,"Peças, acessórios e material de rodagem dizem respeito a qual percentual da planilha de custos do serviço por trem?","Peças, acessórios e material de rodagem dizem respeito a qual percentual da planilha de custos do serviço por trem?",numeric,1,1,0,1,0,"Custos (Trem) - Peças, acessórios e material de rodagem (Ônibus)",Custos,Trem,Trem
3.7.4.G,Impostos e tributação dizem respeito a qual percentual da planilha de custos do serviço por trem?,Impostos e tributação dizem respeito a qual percentual da planilha de custos do serviço por trem?,numeric,1,1,0,1,0,Custos (Trem) - Impostos e Tributação (Ônibus),Custos,Trem,Trem
3.7.4.H,Despesas administrativas dizem respeito a qual percentual da planilha de custos do serviço por trem?,Despesas administrativas dizem respeito a qual percentual da planilha de custos do serviço por trem?,numeric,1,1,0,1,0,Custos (Trem) - Despesas Administrativas (Ônibus),Custos,Trem,Trem
3.7.4.I,Energia diz respeito a qual percentual da planilha de custos do serviço por trem?,Energia diz respeito a qual percentual da planilha de custos do serviço por trem?,numeric,1,1,0,1,0,Custos (Trem) - Energia (Ônibus),Custos,Trem,Trem
3.7.4.J,IPTU diz respeito a qual percentual da planilha de custos do serviço por trem?,IPTU diz respeito a qual percentual da planilha de custos do serviço por trem?,numeric,1,1,0,1,0,Custos (Trem) - IPTU (Ônibus),Custos,Trem,Trem
3.7.4.K,Outros insumos dizem respeito a qual percentual da planilha de custos do serviço por trem?,Outros insumos dizem respeito a qual percentual da planilha de custos do serviço por trem?,numeric,1,1,0,1,0,Custos (Trem) - Outros insumos (Ônibus),Custos,Trem,Trem
3.7.5,É utilizada planilha de custos para reajuste ou revisão da tarifa do serviço de barco no município?,É utilizada planilha de custos para reajuste ou revisão da tarifa do serviço de barco no município?,binary,0,0,0,0,0,NA,NA,NA,NA
3.7.5.A,Mão de obra 1 (operação) diz respeito a qual percentual da planilha de custos do serviço por barco?,Mão de obra 1 (operação) diz respeito a qual percentual da planilha de custos do serviço por barco?,numeric,1,1,0,1,0,Custos (Barco) - Operação (Ônibus),Custos,Barco,Barco
3.7.5.B,Mão de obra 2 (administrativo) diz respeito a qual percentual da planilha de custos do serviço por barco?,Mão de obra 2 (administrativo) diz respeito a qual percentual da planilha de custos do serviço por barco?,numeric,1,1,0,1,0,Custos (Barco) - Administrativo (Ônibus),Custos,Barco,Barco
3.7.5.C,Combustíveis dizem respeito a qual percentual da planilha de custos do serviço por barco?,Combustíveis dizem respeito a qual percentual da planilha de custos do serviço por barco?,numeric,1,1,0,1,0,Custos (Barco) - Combustível (Ônibus),Custos,Barco,Barco
3.7.5.D,Depreciação de equipamentos diz respeito a qual percentual da planilha de custos do serviço por barco?,Depreciação de equipamentos diz respeito a qual percentual da planilha de custos do serviço por barco?,numeric,1,1,0,1,0,Custos (Barco) - Depreciação (Ônibus),Custos,Barco,Barco
3.7.5.E,Remuneração pela prestação do serviço diz respeito a qual percentual da planilha de custos do serviço por barco?,Remuneração pela prestação do serviço diz respeito a qual percentual da planilha de custos do serviço por barco?,numeric,1,1,0,1,0,Custos (Barco) - Remuneração pelo Serviço Prestado (Ônibus),Custos,Barco,Barco
3.7.5.F,"Peças, acessórios e material de rodagem dizem respeito a qual percentual da planilha de custos do serviço por barco?","Peças, acessórios e material de rodagem dizem respeito a qual percentual da planilha de custos do serviço por barco?",numeric,1,1,0,1,0,"Custos (Barco) - Peças, acessórios e material de rodagem (Ônibus)",Custos,Barco,Barco
3.7.5.G,Impostos dizem respeito a qual percentual da planilha de custos do serviço por barco?,Impostos dizem respeito a qual percentual da planilha de custos do serviço por barco?,numeric,1,1,0,1,0,Custos (Barco) - Impostos e Tributação (Ônibus),Custos,Barco,Barco
3.7.5.H,Despesas administrativas dizem respeito a qual percentual da planilha de custos do serviço por barco?,Despesas administrativas dizem respeito a qual percentual da planilha de custos do serviço por barco?,numeric,1,1,0,1,0,Custos (Barco) - Despesas Administrativas (Ônibus),Custos,Barco,Barco
3.7.5.I,Outros insumos dizem respeito a qual percentual da planilha de custos do serviço por barco?,Outros insumos dizem respeito a qual percentual da planilha de custos do serviço por barco?,numeric,1,1,0,1,0,Custos (Barco) - Outros insumos (Ônibus),Custos,Barco,Barco
3.7.6,É utilizada planilha de custos para reajuste ou revisão da tarifa do serviço de VLT no município?,É utilizada planilha de custos para reajuste ou revisão da tarifa do serviço de VLT no município?,binary,0,0,0,0,0,NA,NA,NA,NA
3.7.6.A,Mão de obra 1 (operação) diz respeito a qual percentual da planilha de custos do serviço por VLT?,Mão de obra 1 (operação) diz respeito a qual percentual da planilha de custos do serviço por VLT?,numeric,1,1,0,1,0,Custos (VLT) - Operação (Ônibus),Custos,VLT,VLT
3.7.6.B,Mão de obra 2 (administrativo) diz respeito a qual percentual da planilha de custos do serviço por VLT?,Mão de obra 2 (administrativo) diz respeito a qual percentual da planilha de custos do serviço por VLT?,numeric,1,1,0,1,0,Custos (VLT) - Administrativo (Ônibus),Custos,VLT,VLT
3.7.6.C,Combustíveis dizem respeito a qual percentual da planilha de custos do serviço por VLT?,Combustíveis dizem respeito a qual percentual da planilha de custos do serviço por VLT?,numeric,1,1,0,1,0,Custos (VLT) - Combustível (Ônibus),Custos,VLT,VLT
3.7.6.D,Depreciação de veículos diz respeito a qual percentual da planilha de custos do serviço por VLT?,Depreciação de veículos diz respeito a qual percentual da planilha de custos do serviço por VLT?,numeric,1,1,0,1,0,Custos (VLT) - Depreciação (Ônibus),Custos,VLT,VLT
3.7.6.E,Remuneração pela prestação do serviço diz respeito a qual percentual da planilha de custos do serviço por VLT?,Remuneração pela prestação do serviço diz respeito a qual percentual da planilha de custos do serviço por VLT?,numeric,1,1,0,1,0,Custos (VLT) - Remuneração pelo Serviço Prestado (Ônibus),Custos,VLT,VLT
3.7.6.F,"Peças, acessórios e material de rodagem dizem respeito a qual percentual da planilha de custos do serviço por VLT?","Peças, acessórios e material de rodagem dizem respeito a qual percentual da planilha de custos do serviço por VLT?",numeric,1,1,0,1,0,"Custos (VLT) - Peças, acessórios e material de rodagem (Ônibus)",Custos,VLT,VLT
3.7.6.G,Impostos e tributação dizem respeito a qual percentual da planilha de custos do serviço por VLT?,Impostos e tributação dizem respeito a qual percentual da planilha de custos do serviço por VLT?,numeric,1,1,0,1,0,Custos (VLT) - Impostos e Tributação (Ônibus),Custos,VLT,VLT
3.7.6.H,Despesas administrativas dizem respeito a qual percentual da planilha de custos do serviço por VLT?,Despesas administrativas dizem respeito a qual percentual da planilha de custos do serviço por VLT?,numeric,1,1,0,1,0,Custos (VLT) - Despesas Administrativas (Ônibus),Custos,VLT,VLT
3.7.6.I,Energia diz respeito a qual percentual da planilha de custos do serviço por VLT?,Energia diz respeito a qual percentual da planilha de custos do serviço por VLT?,numeric,1,1,0,1,0,Custos (VLT) - Energia (Ônibus),Custos,VLT,VLT
3.7.6.J,IPTU diz respeito a qual percentual da planilha de custos do serviço por VLT?,IPTU diz respeito a qual percentual da planilha de custos do serviço por VLT?,numeric,1,1,0,1,0,Custos (VLT) - IPTU (Ônibus),Custos,VLT,VLT
3.7.6.K,Outros insumos dizem respeito a qual percentual da planilha de custos do serviço por VLT?,Outros insumos dizem respeito a qual percentual da planilha de custos do serviço por VLT?,numeric,1,1,0,1,0,Custos (VLT) - Outros insumos (Ônibus),Custos,VLT,VLT
3.7.7,É utilizada planilha de custos para reajuste ou revisão da tarifa do serviço de monotrilho no município?,É utilizada planilha de custos para reajuste ou revisão da tarifa do serviço de monotrilho no município?,binary,0,0,0,0,0,NA,NA,NA,NA
3.7.7.A,Mão de obra 1 (operação) diz respeito a qual percentual da planilha de custos do serviço por monotrilho?,Mão de obra 1 (operação) diz respeito a qual percentual da planilha de custos do serviço por monotrilho?,numeric,1,1,0,1,0,Custos (Monotrilho) - Operação (Ônibus),Custos,Monotrilho,Monotrilho
3.7.7.B,Mão de obra 2 (administrativo) diz respeito a qual percentual da planilha de custos do serviço por monotrilho?,Mão de obra 2 (administrativo) diz respeito a qual percentual da planilha de custos do serviço por monotrilho?,numeric,1,1,0,1,0,Custos (Monotrilho) - Administrativo (Ônibus),Custos,Monotrilho,Monotrilho
3.7.7.C,Combustíveis dizem respeito a qual percentual da planilha de custos do serviço por monotrilho?,Combustíveis dizem respeito a qual percentual da planilha de custos do serviço por monotrilho?,numeric,1,1,0,1,0,Custos (Monotrilho) - Combustível (Ônibus),Custos,Monotrilho,Monotrilho
3.7.7.D,Depreciação de veículos diz respeito a qual percentual da planilha de custos do serviço por monotrilho?,Depreciação de veículos diz respeito a qual percentual da planilha de custos do serviço por monotrilho?,numeric,1,1,0,1,0,Custos (Monotrilho) - Depreciação (Ônibus),Custos,Monotrilho,Monotrilho
3.7.7.E,Remuneração pela prestação do serviço diz respeito a qual percentual da planilha de custos do serviço por monotrilho?,Remuneração pela prestação do serviço diz respeito a qual percentual da planilha de custos do serviço por monotrilho?,numeric,1,1,0,1,0,Custos (Monotrilho) - Remuneração pelo Serviço Prestado (Ônibus),Custos,Monotrilho,Monotrilho
3.7.7.F,"Peças, acessórios e material de rodagem dizem respeito a qual percentual da planilha de custos do serviço por monotrilho?","Peças, acessórios e material de rodagem dizem respeito a qual percentual da planilha de custos do serviço por monotrilho?",numeric,1,1,0,1,0,"Custos (Monotrilho) - Peças, acessórios e material de rodagem (Ônibus)",Custos,Monotrilho,Monotrilho
3.7.7.G,Impostos e tributação dizem respeito a qual percentual da planilha de custos do serviço por monotrilho?,Impostos e tributação dizem respeito a qual percentual da planilha de custos do serviço por monotrilho?,numeric,1,1,0,1,0,Custos (Monotrilho) - Impostos e Tributação (Ônibus),Custos,Monotrilho,Monotrilho
3.7.7.H,Despesas administrativas dizem respeito a qual percentual da planilha de custos do serviço por monotrilho?,Despesas administrativas dizem respeito a qual percentual da planilha de custos do serviço por monotrilho?,numeric,1,1,0,1,0,Custos (Monotrilho) - Despesas Administrativas (Ônibus),Custos,Monotrilho,Monotrilho
3.7.7.I,Energia diz respeito a qual percentual da planilha de custos do serviço por monotrilho?,Energia diz respeito a qual percentual da planilha de custos do serviço por monotrilho?,numeric,1,1,0,1,0,Custos (Monotrilho) - Energia (Ônibus),Custos,Monotrilho,Monotrilho
3.7.7.J,IPTU diz respeito a qual percentual da planilha de custos do serviço por monotrilho?,IPTU diz respeito a qual percentual da planilha de custos do serviço por monotrilho?,numeric,1,1,0,1,0,Custos (Monotrilho) - IPTU (Ônibus),Custos,Monotrilho,Monotrilho
3.7.7.K,Outros insumos dizem respeito a qual percentual da planilha de custos do serviço por monotrilho?,Outros insumos dizem respeito a qual percentual da planilha de custos do serviço por monotrilho?,numeric,1,1,0,1,0,Custos (Monotrilho) - Outros insumos (Ônibus),Custos,Monotrilho,Monotrilho
3.7.8,É utilizada planilha de custos para reajuste ou revisão da tarifa do serviço de aeromóvel no município?,É utilizada planilha de custos para reajuste ou revisão da tarifa do serviço de aeromóvel no município?,binary,0,0,0,0,0,NA,NA,NA,NA
3.7.8.A,Mão de obra 1 (operação) diz respeito a qual percentual da planilha de custos do serviço por aeromóvel?,Mão de obra 1 (operação) diz respeito a qual percentual da planilha de custos do serviço por aeromóvel?,numeric,1,1,0,1,0,Custos (Aeromóvel) - Operação (Ônibus),Custos,Aeromóvel,Aeromóvel
3.7.8.B,Mão de obra 2 (administrativo) diz respeito a qual percentual da planilha de custos do serviço por aeromóvel?,Mão de obra 2 (administrativo) diz respeito a qual percentual da planilha de custos do serviço por aeromóvel?,numeric,1,1,0,1,0,Custos (Aeromóvel) - Administrativo (Ônibus),Custos,Aeromóvel,Aeromóvel
3.7.8.C,Combustíveis dizem respeito a qual percentual da planilha de custos do serviço por aeromóvel?,Combustíveis dizem respeito a qual percentual da planilha de custos do serviço por aeromóvel?,numeric,1,1,0,1,0,Custos (Aeromóvel) - Combustível (Ônibus),Custos,Aeromóvel,Aeromóvel
3.7.8.D,Depreciação de veículos diz respeito a qual percentual da planilha de custos do serviço por aeromóvel?,Depreciação de veículos diz respeito a qual percentual da planilha de custos do serviço por aeromóvel?,numeric,1,1,0,1,0,Custos (Aeromóvel) - Depreciação (Ônibus),Custos,Aeromóvel,Aeromóvel
3.7.8.E,Remuneração pela prestação do serviço diz respeito a qual percentual da planilha de custos do serviço por aeromóvel?,Remuneração pela prestação do serviço diz respeito a qual percentual da planilha de custos do serviço por aeromóvel?,numeric,1,1,0,1,0,Custos (Aeromóvel) - Remuneração pelo Serviço Prestado (Ônibus),Custos,Aeromóvel,Aeromóvel
3.7.8.F,"Peças, acessórios e material de rodagem dizem respeito a qual percentual da planilha de custos do serviço por aeromóvel?","Peças, acessórios e material de rodagem dizem respeito a qual percentual da planilha de custos do serviço por aeromóvel?",numeric,1,1,0,1,0,"Custos (Aeromóvel) - Peças, acessórios e material de rodagem (Ônibus)",Custos,Aeromóvel,Aeromóvel
3.7.8.G,Impostos e tributação dizem respeito a qual percentual da planilha de custos do serviço por aeromóvel?,Impostos e tributação dizem respeito a qual percentual da planilha de custos do serviço por aeromóvel?,numeric,1,1,0,1,0,Custos (Aeromóvel) - Impostos e Tributação (Ônibus),Custos,Aeromóvel,Aeromóvel
3.7.8.H,Despesas administrativas dizem respeito a qual percentual da planilha de custos do serviço por aeromóvel?,Despesas administrativas dizem respeito a qual percentual da planilha de custos do serviço por aeromóvel?,numeric,1,1,0,1,0,Custos (Aeromóvel) - Despesas Administrativas (Ônibus),Custos,Aeromóvel,Aeromóvel
3.7.8.I,Energia diz respeito a qual percentual da planilha de custos do serviço por aeromóvel?,Energia diz respeito a qual percentual da planilha de custos do serviço por aeromóvel?,numeric,1,1,0,1,0,Custos (Aeromóvel) - Energia (Ônibus),Custos,Aeromóvel,Aeromóvel
3.7.8.J,IPTU diz respeito a qual percentual da planilha de custos do serviço por aeromóvel?,IPTU diz respeito a qual percentual da planilha de custos do serviço por aeromóvel?,numeric,1,1,0,1,0,Custos (Aeromóvel) - IPTU (Ônibus),Custos,Aeromóvel,Aeromóvel
3.7.8.K,Outros insumos dizem respeito a qual percentual da planilha de custos do serviço por aeromóvel?,Outros insumos dizem respeito a qual percentual da planilha de custos do serviço por aeromóvel?,numeric,1,1,0,1,0,Custos (Aeromóvel) - Outros insumos (Ônibus),Custos,Aeromóvel,Aeromóvel
4.1.1,O município possui Plano Diretor?,O município possui Plano Diretor?,binary,0,1,0,0,0,Plano Diretor,Outros,Governança e Leis,NA
4.1.1.A,Qual o ano de elaboração ou última atualização do Plano Diretor?,Qual o ano de elaboração ou última atualização do Plano Diretor?,numeric,0,1,0,0,1,Ano Plano Diretor,Outros,Governança e Leis,NA
4.1.2,O município possui Lei de Zoneamento ou Uso e Ocupação do Solo?,O município possui Lei de Zoneamento ou Uso e Ocupação do Solo?,binary,0,1,0,0,0,Lei de Zoneamento ou Uso e Ocupação do Solo,Outros,Governança e Leis,NA
4.3.1,O município está contemplado em algum Plano de Mobilidade Urbana de Região Metropolitana ou Aglomeração Urbana?,O município está contemplado em algum Plano de Mobilidade Urbana de Região Metropolitana ou Aglomeração Urbana?,binary,0,1,0,0,0,Contemplado em Plano de Mobilidade Urbana,Outros,Governança e Leis,NA
4.3.1.A,O Plano de Mobilidade Urbana diz respeito a qual Região Metropolitana ou Aglomeração Urbana?,O Plano de Mobilidade Urbana diz respeito a qual Região Metropolitana ou Aglomeração Urbana?,text,0,0,0,0,0,Contemplado em Plano de Mobilidade Urbana - Detalhamento,missing,NA,NA
4.3.1.B,Em qual website é possível obter o Plano de Mobilidade Urbana de Região Metropolitana ou Aglomeração Urbana em formato digital?,Em qual website é possível obter o Plano de Mobilidade Urbana de Região Metropolitana ou Aglomeração Urbana em formato digital?,text,0,0,0,0,0,Contemplado em Plano de Mobilidade Urbana - Digital,missing,NA,NA
4.3.2,O município está contemplado em algum Plano de Desenvolvimento Urbano Integrado (PDUI) (Lei Federal nº 13.089/2015 - Estatuto da Metrópole)?,O município está contemplado em algum Plano de Desenvolvimento Urbano Integrado (PDUI) (Lei Federal nº 13.089/2015 - Estatuto da Metrópole)?,binary,0,0,0,0,0,NA,NA,NA,NA
4.3.2.A,O PDUI diz respeito a qual Região Metropolitana ou Aglomeração Urbana?,O PDUI diz respeito a qual Região Metropolitana ou Aglomeração Urbana?,text,0,0,0,0,0,NA,NA,NA,NA
4.3.2.B,Em qual website é possível obter o Plano de Desenvolvimento Urbano Integrado (PDUI) em formato digital?,Em qual website é possível obter o Plano de Desenvolvimento Urbano Integrado (PDUI) em formato digital?,text,0,0,0,0,0,NA,NA,NA,NA
4.4.1,O município possui Plano de Mobilidade Urbana?,O município possui Plano de Mobilidade Urbana?,binary,0,0,0,0,0,NA,NA,NA,NA
4.4.2,Qual o ano de elaboração ou última atualização do Plano de Mobilidade Urbana?,Qual o ano de elaboração ou última atualização do Plano de Mobilidade Urbana?,numeric,0,0,0,0,1,NA,NA,NA,NA
4.4.3,Qual o instrumento normativo que aprovou o Plano de Mobilidade Urbana?,Qual o instrumento normativo que aprovou o Plano de Mobilidade Urbana?,text,0,0,0,0,0,NA,NA,NA,NA
4.4.3.A,Qual o número da Lei ou instrumento normativo que aprovou o plano?,Qual o número da Lei ou instrumento normativo que aprovou o plano?,text,0,0,0,0,0,NA,NA,NA,NA
4.4.3.B,Em qual website é possível obter o Plano de Mobilidade Urbana em formato digital?,Em qual website é possível obter o Plano de Mobilidade Urbana em formato digital?,text,0,0,0,0,0,NA,NA,NA,NA
4.5.1,Quais metodologias de participação social foram utilizadas durante a elaboração do Plano de Mobilidade Urbana?,Quais metodologias de participação social foram utilizadas durante a elaboração do Plano de Mobilidade Urbana?,text,0,0,0,0,0,NA,NA,NA,NA
4.5.2,Quais itens a seguir foram considerados na metodologia de elaboração do Plano de Mobilidade Urbana?,Quais itens a seguir foram considerados na metodologia de elaboração do Plano de Mobilidade Urbana?,text,0,0,0,0,0,NA,NA,NA,NA
4.6.1,Quais temas a seguir estão contemplados no Plano de Mobilidade Urbana?,Quais temas a seguir estão contemplados no Plano de Mobilidade Urbana?,text,0,0,0,0,0,NA,NA,NA,NA
4.7.1,O município já realizou pesquisa Origem-Destino (O/D)?,O município já realizou pesquisa Origem-Destino (O/D)?,binary,0,0,0,0,0,NA,NA,NA,NA
4.7.1.A,Qual o ano de realização da última pesquisa O/D?,Qual o ano de realização da última pesquisa O/D?,numeric,0,0,0,0,1,Ano da POD,Origem e Destino,NA,NA
4.7.1.B,Qual a periodicidade de realização da pesquisa?,Qual a periodicidade de realização da pesquisa?,text,0,0,0,0,0,Periodicidade da POD,Origem e Destino,NA,NA
4.7.1.C,Em qual website é possível obter a Pesquisa Origem-Destino em formato digital?,Em qual website é possível obter a Pesquisa Origem-Destino em formato digital?,text,0,0,0,0,0,Website POD,Origem e Destino,NA,NA
4.7.1.D,"Considerando todos os modos de transporte e as pesquisa O/D realizadas, qual o número médio de viagens diárias no município?","Considerando todos os modos de transporte e as pesquisa O/D realizadas, qual o número médio de viagens diárias no município?",numeric,0,0,0,0,1,POD - Número médio de viagens diárias,Outros,Origem e Destino,NA
4.7.1.E,"Considerando todos os modos de transporte e as pesquisas O/D realizadas, qual a distância média das viagens no município? (Em km)","Considerando todos os modos de transporte e as pesquisas O/D realizadas, qual a distância média das viagens no município? (Em km)",numeric,0,0,1,0,0,POD - Distância média das viagens,Outros,Origem e Destino,NA
4.7.1.F,"Considerando todos os modos de transportes e as pesquisas O/D realizadas, qual o tempo médio das viagens realizadas no município? (Em minutos)","Considerando todos os modos de transportes e as pesquisas O/D realizadas, qual o tempo médio das viagens realizadas no município? (Em minutos)",numeric,0,0,0,0,1,POD - Tempo médio das viagens,Outros,Origem e Destino,NA
4.7.1.G,"Considerando a divisão modal identificada pelas pesquisas O/D realizadas, qual o percentual de viagens realizadas a pé? (Em %)","Considerando a divisão modal identificada pelas pesquisas O/D realizadas, qual o percentual de viagens realizadas a pé? (Em %)",numeric,0,0,0,1,0,POD - Percentual de viagens a pé,Outros,Origem e Destino,NA
4.7.1.H,"Considerando a divisão modal identificada pelas pesquisas O/D realizadas, qual o percentual de viagens realizadas de bicicleta? (Em %)","Considerando a divisão modal identificada pelas pesquisas O/D realizadas, qual o percentual de viagens realizadas de bicicleta? (Em %)",numeric,0,0,0,1,0,POD - Percentual de viagens de bicicleta,Outros,Origem e Destino,Bicicleta
4.7.1.I,"Considerando a divisão modal identificada pelas pesquisas O/D realizadas, qual o percentual de viagens realizadas por transporte coletivo? (Em %)","Considerando a divisão modal identificada pelas pesquisas O/D realizadas, qual o percentual de viagens realizadas por transporte coletivo? (Em %)",numeric,0,0,0,1,0,POD - Percentual de viagens por transporte público,Outros,Origem e Destino,NA
4.7.1.J,"Considerando a divisão modal identificada pelas pesquisas O/D realizadas, qual o percentual de viagens realizadas por transporte individual motorizado (automóvel)? (Em %)","Considerando a divisão modal identificada pelas pesquisas O/D realizadas, qual o percentual de viagens realizadas por transporte individual motorizado (automóvel)? (Em %)",numeric,0,0,0,1,0,POD - Percentual de viagens por automóvel individual,Outros,Origem e Destino,NA
4.7.1.K,"Considerando a divisão modal identificada pelas pesquisas O/D realizadas, qual o percentual de viagens realizadas por transporte individual motorizado (moto)? (Em %)","Considerando a divisão modal identificada pelas pesquisas O/D realizadas, qual o percentual de viagens realizadas por transporte individual motorizado (moto)? (Em %)",numeric,0,0,0,1,0,POD - Percentual de viagens por moto,Outros,Origem e Destino,NA
4.7.1.L,"Considerando a divisão modal identificada pelas pesquisas O/D realizadas, qual o percentual de viagens realizadas por transporte individual remunerado (táxi, aplicativos)? (Em %)","Considerando a divisão modal identificada pelas pesquisas O/D realizadas, qual o percentual de viagens realizadas por transporte individual remunerado (táxi, aplicativos)? (Em %)",numeric,0,0,0,1,0,POD - Percentual de viagens por táxi ou carro de aplicativo,Outros,Origem e Destino,Táxi
4.7.1.M,"Considerando a divisão modal identificada pelas pesquisas O/D realizadas, qual o percentual de viagens realizadas por outros modos de transporte? (Em %)","Considerando a divisão modal identificada pelas pesquisas O/D realizadas, qual o percentual de viagens realizadas por outros modos de transporte? (Em %)",numeric,0,0,0,1,0,POD - Percentual de viagens por outros modais,Outros,Origem e Destino,NA
4.8.1,"Quais ações, medidas, programas ou instrumentos destinados à promoção de acessibilidade o município possui?","Quais ações, medidas, programas ou instrumentos destinados à promoção de acessibilidade o município possui?",text,0,0,0,0,0,NA,NA,NA,NA
4.8.2,A questão da acessibilidade é abordada em quais leis municipais?,A questão da acessibilidade é abordada em quais leis municipais?,text,0,0,0,0,0,NA,NA,NA,NA
5.1.1,Em seu município existe a cobrança de tributos sobre modos e serviços de transporte urbano pela utilização da infraestrutura em perímetro urbano (taxação de congestionamento)?,Em seu município existe a cobrança de tributos sobre modos e serviços de transporte urbano pela utilização da infraestrutura em perímetro urbano (taxação de congestionamento)?,text,0,0,0,0,0,NA,NA,NA,NA
5.1.1.A,Qual a arrecadação anual no ano de 2023 do município com a cobrança de tributos pela utilização da infraestrutura em perímetro urbano (taxação de congestionamento)?,Qual a arrecadação anual no ano de 2023 do município com a cobrança de tributos pela utilização da infraestrutura em perímetro urbano (taxação de congestionamento)?,numeric,0,0,0,0,1,NA,NA,NA,NA
5.2.1,Qual o número de vagas de estacionamento regulamentados existentes no município?,Qual o número de vagas de estacionamento regulamentados existentes no município?,numeric,1,1,0,0,1,Vagas de Estacionamento Reguladas,Infraestrutura,Automóvel,Automóvel
5.2.1.A,Qual o percentual de vagas de estacionamento reservadas para pessoas com deficiência e mobilidade reduzida? (Em %),Qual o percentual de vagas de estacionamento reservadas para pessoas com deficiência e mobilidade reduzida? (Em %),numeric,1,1,0,1,0,Percentual de Vagas de Estacionamento para Deficientes,Infraestrutura,Automóvel,Automóvel
5.2.1.B,Qual o percentual de vagas de estacionamento reservadas para idosos? (Em %),Qual o percentual de vagas de estacionamento reservadas para idosos? (Em %),numeric,1,1,0,1,0,Percentual de Vagas de Estacionamento para Idosos,Infraestrutura,Automóvel,Automóvel
5.2.1.C,Qual o percentual de vagas de estacionamento reservadas para gestantes? (Em %),Qual o percentual de vagas de estacionamento reservadas para gestantes? (Em %),numeric,1,1,0,1,0,Percentual de Vagas de Estacionamento para Gestantes,Infraestrutura,Automóvel,Automóvel
5.2.2,"Existe controle ou cobrança para estacionamento em vagas públicas, como por exemplo, Área Azul?","Existe controle ou cobrança para estacionamento em vagas públicas, como por exemplo, Área Azul?",text,0,0,0,0,0,Existe Fiscalização para Cobrança em Vagas Públicas,Infraestrutura,Automóvel,Automóvel
5.2.2.A,Qual o valor arrecadado com a cobrança de estacionamento no ano de 2023?,Qual o valor arrecadado com a cobrança de estacionamento no ano de 2023?,numeric,1,1,0,0,1,Valor Arrecadado com Cobrança de Estacionamento,Arrecadação,Tributos,Automóvel
5.3.1,Marque os instrumentos de gestão presentes em seu município:,Marque os instrumentos de gestão presentes em seu município:,text,0,0,0,0,0,Instrumentos de Gestão,missing,NA,NA
7.1.1,"Na composição da frota de transporte público coletivo, existem ônibus que utilizam tecnologia veicular ou fontes de energia alternativa?","Na composição da frota de transporte público coletivo, existem ônibus que utilizam tecnologia veicular ou fontes de energia alternativa?",text,0,0,0,0,0,Frota de Ônibus com Fontes de Energia Alternativa,Frota,Ônibus,Ônibus
7.1.1A,Qual o percentual da frota que utiliza etanol como fonte de energia?,Qual o percentual da frota que utiliza etanol como fonte de energia?,numeric,1,1,0,1,0,Frota de Ônibus Movido a Etanol (%),Frota,Ônibus,Ônibus
7.1.1.B,Qual o percentual da frota que utiliza eletricidade como fonte de energia?,Qual o percentual da frota que utiliza eletricidade como fonte de energia?,numeric,1,1,0,1,0,Frota de Ônibus Movido a Eletricidade (%),Frota,Ônibus,Ônibus
7.1.1.C,Qual o percentual da frota que utiliza gás natural como fonte de energia?,Qual o percentual da frota que utiliza gás natural como fonte de energia?,numeric,1,1,0,1,0,Frota de Ônibus Movido a Gás Natural (%),Frota,Ônibus,Ônibus
7.1.1.D,Qual o percentual da frota que utiliza hidrogênio como fonte de energia?,Qual o percentual da frota que utiliza hidrogênio como fonte de energia?,numeric,1,1,0,1,0,Frota de Ônibus Movido a Hidrogênio (%),Frota,Ônibus,Ônibus
7.1.1.E,Qual o percentual da frota que utiliza biodiesel como fonte de energia?,Qual o percentual da frota que utiliza biodiesel como fonte de energia?,numeric,1,1,0,1,0,Frota de Ônibus Movido a Biodiesel (%),Frota,Ônibus,Ônibus
7.1.1.F,Qual o percentual da frota que utiliza energia híbrida (eletricidade + diesel)?,Qual o percentual da frota que utiliza energia híbrida (eletricidade + diesel)?,numeric,1,1,0,1,0,Frota de Ônibus Híbridos (Eletricidade + Diesel) (%),Frota,Ônibus,Ônibus
7.2.1,"Na composição da frota de táxi, existem veículos que utilizam combustíveis menos poluentes ou fontes de energia alternativa?","Na composição da frota de táxi, existem veículos que utilizam combustíveis menos poluentes ou fontes de energia alternativa?",text,0,0,0,0,0,Frota de Táxis com Fontes de Energia Alternativa,Frota,Táxi,Táxi
7.2.1.A,Qual o percentual da frota de táxi que utiliza etanol como fonte de energia?,Qual o percentual da frota de táxi que utiliza etanol como fonte de energia?,numeric,1,1,0,1,0,Frota de Táxis Movido a Etanol (%),Frota,Táxi,Táxi
7.2.1.B,Qual o percentual da frota de táxi que utiliza eletricidade como fonte de energia?,Qual o percentual da frota de táxi que utiliza eletricidade como fonte de energia?,numeric,1,1,0,1,0,Frota de Táxis Movido a Eletricidade (%),Frota,Táxi,Táxi
7.2.1.C,Qual o percentual da frota de táxi que utiliza gás natural como fonte de energia?,Qual o percentual da frota de táxi que utiliza gás natural como fonte de energia?,numeric,1,1,0,1,0,Frota de Táxis Movido a Gás Natural (%),Frota,Táxi,Táxi
7.2.1.D,Qual o percentual da frota de táxi que utiliza energia híbrida (eletricidade + gasolina)?,Qual o percentual da frota de táxi que utiliza energia híbrida (eletricidade + gasolina)?,numeric,1,1,0,1,0,Frota de Táxis Híbridos (Eletricidade + Gasolina) (%),Frota,Táxi,Táxi
7.3.1,Em qual tipo de veículo é realizada inspeção veicular ambiental no município?,Em qual tipo de veículo é realizada inspeção veicular ambiental no município?,text,0,0,0,0,0,Inspeção veicular ambiental,Frota,NA,NA
8.1.1,O município possui conselho municipal de transporte e/ou mobilidade urbana?,O município possui conselho municipal de transporte e/ou mobilidade urbana?,text,0,0,0,0,0,Conselho Municipal de Transporte e/ou Mobilidade Urbana,Outros,Governança e Leis,NA
8.1.2,A mobilidade urbana é discutida no Conselho da Cidade ou outro órgão colegiado similar com representação da sociedade civil?,A mobilidade urbana é discutida no Conselho da Cidade ou outro órgão colegiado similar com representação da sociedade civil?,text,0,0,0,0,0,NA,NA,NA,NA
8.2.1,Qual o caráter do conselho que trata sobre mobilidade urbana no município?,Qual o caráter do conselho que trata sobre mobilidade urbana no município?,text,0,0,0,0,0,NA,NA,NA,NA
8.2.2.A,Qual o percentual de membros do Poder Executivo na composição do Conselho de mobilidade urbana ou similar? (Em %),Qual o percentual de membros do Poder Executivo na composição do Conselho de mobilidade urbana ou similar? (Em %),numeric,0,0,0,1,0,NA,NA,NA,NA
8.2.2.B,Qual o percentual de membro do Poder Legislativo na composição do Conselho de mobilidade urbana ou similar? (Em %),Qual o percentual de membro do Poder Legislativo na composição do Conselho de mobilidade urbana ou similar? (Em %),numeric,0,0,0,1,0,NA,NA,NA,NA
8.2.2.C,Qual o percentual de membros da Sociedade Civil na composição do Conselho de mobilidade urbana ou similar? (Em %),Qual o percentual de membros da Sociedade Civil na composição do Conselho de mobilidade urbana ou similar? (Em %),numeric,0,0,0,1,0,NA,NA,NA,NA
8.2.2.D,Qual o percentual de membros dos operados dos serviços na composição do Conselho de mobilidade urbana ou similar? (Em %),Qual o percentual de membros dos operados dos serviços na composição do Conselho de mobilidade urbana ou similar? (Em %),numeric,0,0,0,1,0,NA,NA,NA,NA
8.2.2.E,Qual o percentual de outros membros na composição dos Conselho de mobilidade urbana ou similar? (Em %),Qual o percentual de outros membros na composição dos Conselho de mobilidade urbana ou similar? (Em %),numeric,0,0,0,1,0,NA,NA,NA,NA
8.2.3,Qual o mês e ano da última reunião do Conselho de mobilidade urbana ou similar?,Qual o mês e ano da última reunião do Conselho de mobilidade urbana ou similar?,text,0,0,0,0,0,NA,NA,NA,NA
8.3.1,O município possui ouvidoria ou estrutura similar para recebimento de reclamações e sugestões na instituição responsável pela gestão da mobilidade urbana?,O município possui ouvidoria ou estrutura similar para recebimento de reclamações e sugestões na instituição responsável pela gestão da mobilidade urbana?,text,0,0,0,0,0,NA,NA,NA,NA
8.4.1,Qual o tipo de consulta popular com relação ao planejamento da mobilidade e definição de projetos prioritários houve no município no ano de 2023?,Qual o tipo de consulta popular com relação ao planejamento da mobilidade e definição de projetos prioritários houve no município no ano de 2023?,text,0,0,0,0,0,NA,NA,NA,NA
9.1.1,Marque as medidas de moderação de tráfego presentes em seu município:,Marque as medidas de moderação de tráfego presentes em seu município:,text,0,0,0,0,0,NA,NA,NA,NA
9.1.2,Qual o número de agentes de trânsito em exercício no município em 2023?,Qual o número de agentes de trânsito em exercício no município no ano?,numeric,1,1,0,0,1,Agentes de Trânsito em Exercício,Infraestrutura,Trabalhadores,NA
9.1.3,Qual o número de equipamentos de fiscalização de velocidade existentes?,Qual o número de equipamentos de fiscalização de velocidade existentes?,numeric,1,1,0,0,1,Equipamentos de Fiscalização,Infraestrutura,Equipamentos,NA
9.1.4,Qual foi a arrecadação anual em 2023 com multas de trânsito?,Qual foi a arrecadação anual no ano com multas de trânsito?,numeric,1,1,0,0,1,Valor Arrecadado com Multas de Trânsito,Arrecadação,Multas,NA
10.1.1,O órgão responsável pela gestão do sistema de mobilidade urbana na prefeitura caracteriza-se como:,O órgão responsável pela gestão do sistema de mobilidade urbana na prefeitura caracteriza-se como:,text,0,0,0,0,0,NA,NA,NA,NA
11.1.1,De que modo o serviço de transporte público coletivo regulamentado no município é ofertado?,De que modo o serviço de transporte público coletivo regulamentado no município é ofertado?,text,0,0,0,0,0,NA,NA,NA,NA
11.1.2,Quais as modalidades de delegação de serviço de transporte público coletivo existe no município?,Quais as modalidades de delegação de serviço de transporte público coletivo existe no município?,text,0,0,0,0,0,NA,NA,NA,NA
11.2.1,O serviço de transporte público coletivo regulamentado é licitado?,O serviço de transporte público coletivo regulamentado é licitado?,text,0,0,0,0,0,NA,NA,NA,NA
11.2.1.A,Qual o prazo do contrato? (Em anos),Qual o prazo do contrato? (Em anos),text,0,0,0,0,0,NA,NA,NA,NA
11.2.2.B,Qual é a data de vencimento do contrato?,Qual é a data de vencimento do contrato?,text,0,0,0,0,0,NA,NA,NA,NA
11.3.1,"Para a remuneração do operador do sistema de transporte público coletivo, quais aspectos são levados em conta?","Para a remuneração do operador do sistema de transporte público coletivo, quais aspectos são levados em conta?",text,0,0,0,0,0,NA,NA,NA,NA
11.4.1,Existe transporte não regulamentado no município?,Existe transporte não regulamentado no município?,text,0,0,0,0,0,NA,NA,NA,NA
11.4.1.A,Quais tipos de veículos realizam o transporte não regulamentado?,Quais tipos de veículos realizam o transporte não regulamentado?,text,0,0,0,0,0,NA,NA,NA,NA
11.5.1,"O município possui regulamentação para o transporte remunerado privado individual de passageiros (Uber, 99, entre outros)?","O município possui regulamentação para o transporte remunerado privado individual de passageiros (Uber, 99, entre outros)?",text,0,0,0,0,0,NA,NA,NA,NA
11.5.1.A,Qual o número de viagens realizadas em 2023 por transporte remunerado privado individual de passageiros no município (considerando todos os aplicativos)?,Qual o número de viagens realizadas no ano por transporte remunerado privado individual de passageiros no município (considerando todos os aplicativos)?,numeric,0,0,0,0,1,Passageiros de Transporte por Aplicativo,Demanda,Automóvel,Transporte Remunerado Privado
11.5.1.B,Qual a quilometragem percorrida em 2023 por transporte remunerado privado individual de passageiros no município (considerando todos os aplicativos)? (Em km),Qual a quilometragem percorrida no ano por transporte remunerado privado individual de passageiros no município (considerando todos os aplicativos)? (Em km),numeric,0,0,0,0,1,Quilômetros Percorridos de Transporte por Aplicativo,Frota,Automóvel,Transporte Remunerado Privado
11.5.1.C,Qual foi a arrecadação em 2023 por transporte remunerado privado individual de passageiros no município? (Em R$),Qual foi a arrecadação no ano por transporte remunerado privado individual de passageiros no município? (Em R$),numeric,0,0,0,0,1,Valor Arrecadado de Transporte por Aplicativo,missing,Automóvel,Transporte Remunerado Privado
12.1.2,O município faz uso de algum instrumento urbanístico previsto no Estatuto da Cidade (Lei Federal nº 10.257/2001) para viabilizar investimentos em mobilidade urbana?,O município faz uso de algum instrumento urbanístico previsto no Estatuto da Cidade (Lei Federal nº 10.257/2001) para viabilizar investimentos em mobilidade urbana?,text,0,0,0,0,0,NA,NA,NA,NA
12.2.1,O município possui fundo municipal específico de transporte e/ou mobilidade urbana?,O município possui fundo municipal específico de transporte e/ou mobilidade urbana?,text,0,0,0,0,0,NA,NA,NA,NA
13.1.1,Quais as inovações tecnológicas presentes na mobilidade urbana do município?,Quais as inovações tecnológicas presentes na mobilidade urbana do município?,text,0,0,0,0,0,NA,NA,NA,NA
13.1.1.A,Quais outras inovações tecnológicas na mobilidade urbana estão presentes no município?,Quais outras inovações tecnológicas na mobilidade urbana estão presentes no município?,text,0,0,0,0,0,NA,NA,NA,NA
