code_variable,name_variable,label_pergunta,label,categoria,subcategoria,modal,submodal,tipo,is_dashboard,is_portal,is_transform,is_average,is_percentage,is_absolute,is_candidate
1.1.1,"Quais os serviços de transporte público urbano estão presentes no município, sob gestão da prefeitura, seja por operação direta ou por delegação?","Quais os serviços de transporte público urbano estão presentes no município, sob gestão da prefeitura, seja por operação direta ou por delegação?",Serviços de Transporte (adm. Prefeitura),Administrativo,Governança,NA,NA,text,0,0,0,0,0,0,1
1.2.1,"Quais os serviços de transporte público urbano estão presentes no município em que o Governo do Estado é responsável pela gestão, seja gestão direta ou indireta?","Quais os serviços de transporte público urbano estão presentes no município em que o Governo do Estado é responsável pela gestão, seja gestão direta ou indireta?",Serviços de Transporte (adm. Estado),Administrativo,Governança,NA,NA,text,0,0,0,0,0,0,1
1.2.2,"Quais os serviços de transporte público urbano estão presentes no município em que o Governo Federal é responsável pela gestão, seja gestão direta ou indireta?","Quais os serviços de transporte público urbano estão presentes no município em que o Governo Federal é responsável pela gestão, seja gestão direta ou indireta?",Serviços de Transporte (adm. União),Administrativo,Governança,NA,NA,text,0,0,0,0,0,0,1
1.2.3,"Quais os serviços de transporte público urbano estão presentes no município, sob gestão de um consórcio público ou de um convênio de cooperação para gestão do transporte metropolitano, seja de gestão direta ou indireta?","Quais os serviços de transporte público urbano estão presentes no município, sob gestão de um consórcio público ou de um convênio de cooperação para gestão do transporte metropolitano, seja de gestão direta ou indireta?",Serviços de Transporte (Concessão),Administrativo,Governança,NA,NA,text,0,0,0,0,0,0,1
1.3.1,Quais os tipos de integração física entre os diferentes modos de transporte urbano existem em seu município?,Quais os tipos de integração física entre os diferentes modos de transporte urbano existem em seu município?,Tipos de Integração Física,Modais de transporte,Integração,NA,NA,text,0,0,0,0,0,0,1
1.4.1.A,Qual o número total de terminais rodoviários no município?,Qual o número total de terminais rodoviários no município?,Número de Rodoviárias,Modais de transporte,Infraestrutura,NA,NA,numeric,0,1,0,0,0,1,1
1.4.1.B,"Qual o número total de terminais rodoviários acessíveis com rampas, plataformas de embarque em nível?","Qual o número total de terminais rodoviários acessíveis com rampas, plataformas de embarque em nível?","Número de Rodoviárias (acessibilidade, def. física)",Modais de transporte,Infraestrutura,NA,NA,numeric,0,1,0,0,0,1,1
1.4.1.C,Qual o número total de terminais rodoviários acessíveis com informações para pessoas com deficiência visual?,Qual o número total de terminais rodoviários acessíveis com informações para pessoas com deficiência visual?,"Número de Rodoviárias (acessibilidade, def. visual)",Modais de transporte,Infraestrutura,NA,NA,numeric,0,1,0,0,0,1,1
1.4.1.D,Qual o número total de terminais rodoviários com integração física?,Qual o número total de terminais rodoviários com integração física?,Número de Rodoviárias com Integração,Modais de transporte,Infraestrutura,NA,NA,numeric,0,1,0,0,0,1,1
1.4.1.E,Qual o número total de estações metroferroviárias no município?,Qual o número total de estações metroferroviárias no município?,Número de Metroviárias,Modais de transporte,Infraestrutura,NA,NA,numeric,0,1,0,0,0,1,1
1.4.1.F,"Qual o número total de estações metroferroviárias acessíveis com rampas, plataformas de embarque em nível?","Qual o número total de estações metroferroviárias acessíveis com rampas, plataformas de embarque em nível?","Número de Metroviárias (acessibilidade, def. física)",Modais de transporte,Infraestrutura,NA,NA,numeric,0,1,0,0,0,1,1
1.4.1.G,Qual o número total de estações metroferroviárias acessíveis com informações para pessoas com deficiência visual?,Qual o número total de estações metroferroviárias acessíveis com informações para pessoas com deficiência visual?,"Número de Metroviárias (acessibilidade, def. visual)",Modais de transporte,Infraestrutura,NA,NA,numeric,0,1,0,0,0,1,1
1.4.1.H,Qual o número total de estações metroferroviárias com integração física?,Qual o número total de estações metroferroviárias com integração física?,Número de Metroviárias com Intregração,Modais de transporte,Infraestrutura,NA,NA,numeric,0,1,0,0,0,1,1
1.4.2,"Qual o número total de pontos de embarque e desembarque, considerando todos os modos de transporte?","Qual o número total de pontos de embarque e desembarque, considerando todos os modos de transporte?",Pontos de Embarque/Desembarque (Total),Modais de transporte,Infraestrutura,NA,NA,numeric,0,1,0,0,0,1,1
1.4.3,"Qual o número total de pontos de embarque e desembarque com abrigo para usuários, considerando todos os modos de transporte?","Qual o número total de pontos de embarque e desembarque com abrigo para usuários, considerando todos os modos de transporte?",Pontos de Embarque com abrigo,Modais de transporte,Infraestrutura,NA,NA,numeric,1,1,1,0,0,1,1
1.4.4,"Qual o número total de pontos de embarque e desembarque com plataforma de embarque em nível para usuários, considerando todos os modos de transporte?","Qual o número total de pontos de embarque e desembarque com plataforma de embarque em nível para usuários, considerando todos os modos de transporte?",Pontos de Embarque (em nível),Modais de transporte,Infraestrutura,NA,NA,numeric,1,1,1,0,0,1,1
1.4.5,O município disponibiliza o local de pontos de embarque de desembarque georreferenciados na internet?,O município disponibiliza o local de pontos de embarque de desembarque georreferenciados na internet?,Pontos de Embarque Georreferenciados,Modais de transporte,Infraestrutura,NA,NA,binary,1,1,1,0,0,0,1
1.4.5.A,Em qual website é possível obter os pontos de embarque e desembarque georreferenciados?,Em qual website é possível obter os pontos de embarque e desembarque georreferenciados?,NA,Modais de transporte,Infraestrutura,NA,NA,text,0,0,0,0,0,0,1
1.5.1.A,Qual a frota de veículos operacionais de ônibus convencional no município?,Qual a frota de veículos operacionais de ônibus convencional no município?,Frota de ônibus,Modais de transporte,Frota,Ônibus,Ônibus convencional,numeric,0,1,1,0,0,1,1
1.5.1.B,Qual a capacidade média da frota de ônibus convencionais operacionais no município?,Qual a capacidade média da frota de ônibus convencionais operacionais no município?,Ônibus (capacidade média),Modais de transporte,Frota,Ônibus,Ônibus convencional,numeric,1,1,0,1,0,0,1
1.5.1.C,Qual o número de ônibus convencionais operacionais de piso baixo no município?,Qual o número de ônibus convencionais operacionais de piso baixo no município?,Ônibus (piso baixo),Modais de transporte,Frota,Ônibus,Ônibus convencional,numeric,1,1,1,0,0,1,1
1.5.1.D,Qual o número de ônibus convencionais operacionais com plataforma elevatória no município?,Qual o número de ônibus convencionais operacionais com plataforma elevatória no município?,Ônibus (com plataforma),Modais de transporte,Frota,Ônibus,Ônibus convencional,numeric,1,1,1,0,0,1,1
1.5.1.E,Qual a frota de veículos operacionais de ônibus articulado no município?,Qual a frota de veículos operacionais de ônibus articulado no município?,Frota de Ônibus Articulados,Modais de transporte,Frota,Ônibus,Ônibus articulado,numeric,1,1,1,0,0,1,1
1.5.1.F,Qual a capacidade média de ônibus articulado operacionais no município?,Qual a capacidade média de ônibus articulado operacionais no município?,Ônibus Articulados (capacidade média),Modais de transporte,Frota,Ônibus,Ônibus articulado,numeric,1,1,0,1,0,0,1
1.5.1.G,Qual o número de ônibus articulados operacionais de piso baixo?,Qual o número de ônibus articulados operacionais de piso baixo?,Ônibus Articulados (piso baixo),Modais de transporte,Frota,Ônibus,Ônibus articulado,numeric,1,1,1,0,0,1,1
1.5.1.H,Qual o número de ônibus articulados operacionais com plataforma elevatória no município?,Qual o número de ônibus articulados operacionais com plataforma elevatória no município?,Ônibus Articulados (com plataforma),Modais de transporte,Frota,Ônibus,Ônibus articulado,numeric,1,1,1,0,0,1,1
1.5.1.I,Qual a frota de veículos operacionais de ônibus biarticulado no município?,Qual a frota de veículos operacionais de ônibus biarticulado no município?,Frota de Ônibus Biarticulados,Modais de transporte,Frota,Ônibus,Ônibus biarticulado,numeric,1,1,1,0,0,1,1
1.5.1.J,Qual a capacidade média de ônibus biarticulado operacionais no município?,Qual a capacidade média de ônibus biarticulado operacionais no município?,Ônibus Biarticulados (cap. média),Modais de transporte,Frota,Ônibus,Ônibus biarticulado,numeric,1,1,0,1,0,0,1
1.5.1.K,Qual o número de ônibus biarticulados operacionais de piso baixo?,Qual o número de ônibus biarticulados operacionais de piso baixo?,Ônibus Biarticulados (piso baixo),Modais de transporte,Frota,Ônibus,Ônibus biarticulado,numeric,1,1,1,0,0,1,1
1.5.1.L,Qual o número de ônibus biarticulados operacionais com plataforma elevatória no município?,Qual o número de ônibus biarticulados operacionais com plataforma elevatória no município?,Ônibus Biarticulados (com plataforma),Modais de transporte,Frota,Ônibus,Ônibus biarticulado,numeric,1,1,1,0,0,1,1
1.5.1.M,Qual a frota de veículos operacionais de vans/microônibus no município?,Qual a frota de veículos operacionais de vans/microônibus no município?,Frota de Microônibus,Modais de transporte,Frota,Microônibus,NA,numeric,1,1,1,0,0,1,1
1.5.1.N,Qual a capacidade média da frota de vans/microônibus operacionais no município?,Qual a capacidade média da frota de vans/microônibus operacionais no município?,Microônibus (capacidade média),Modais de transporte,Frota,Microônibus,NA,numeric,1,1,0,1,0,0,1
1.5.1.O,Qual a frota de veículos operacionais de táxi no município?,Qual a frota de veículos operacionais de táxi no município?,Frota de Táxis,Modais de transporte,Frota,Táxi,NA,numeric,1,1,1,0,0,1,1
1.5.1.P,Qual a frota de veículos operacionais de mototáxi no município?,Qual a frota de veículos operacionais de mototáxi no município?,Frota de Mototáxis,Modais de transporte,Frota,Mototáxi,NA,numeric,1,1,1,0,0,1,1
1.5.1.Q,Qual a frota de veículos operacionais de metrô (composição) no município?,Qual a frota de veículos operacionais de metrô (composição) no município?,Frota (composição) de Metrôs,Modais de transporte,Frota,Metrô,NA,numeric,1,1,1,0,0,1,1
1.5.1.R,Qual a capacidade média de um veículo de metrô (composição) no município?,Qual a capacidade média de um veículo de metrô (composição) no município?,Metrô (capacidade média),Modais de transporte,Frota,Metrô,NA,numeric,1,1,0,1,0,0,1
1.5.1.S,Qual a frota de veículos operacionais de trem (composição) no município?,Qual a frota de veículos operacionais de trem (composição) no município?,Frota de Trens,Modais de transporte,Frota,Trem,NA,numeric,1,1,1,0,0,1,0
1.5.1.T,Qual a capacidade média de um veículo de trem (composição) no município?,Qual a capacidade média de um veículo de trem (composição) no município?,Trem (capacidade média),Modais de transporte,Frota,Trem,NA,numeric,1,1,0,1,0,0,0
1.5.1.U,Qual a frota de barcos operacionais no município?,Qual a frota de barcos operacionais no município?,Frota de Barcos,Modais de transporte,Frota,Barco,NA,numeric,1,1,1,0,0,1,1
1.5.1.V,Qual a capacidade média da frota de barco no município?,Qual a capacidade média da frota de barco no município?,Barcos (capacidade média),Modais de transporte,Frota,Barco,NA,numeric,1,1,0,1,0,0,1
1.5.1.W,Qual a frota de veículos operacionais de VLT (composição) no município?,Qual a frota de veículos operacionais de VLT (composição) no município?,Frota (composição) de VLTs,Modais de transporte,Frota,VLT,NA,numeric,1,1,1,0,0,1,1
1.5.1.X,Qual a capacidade média de um veículo de VLT (composição) no município?,Qual a capacidade média de um veículo de VLT (composição) no município?,VLT (capacidade média),Modais de transporte,Frota,VLT,NA,numeric,1,1,0,1,0,0,1
1.5.1.Y,Qual a frota de veículos operacionais de monotrilho (composição) no município?,Qual a frota de veículos operacionais de monotrilho (composição) no município?,Frota (composição) de Monotrilhos,Modais de transporte,Frota,Monotrilho,Monotrilho,numeric,1,1,1,0,0,1,0
1.5.1.Z,Qual a capacidade média de um veículo de monotrilho (composição) no município?,Qual a capacidade média de um veículo de monotrilho (composição) no município?,Monotrilho (capacidade média),Modais de transporte,Frota,Monotrilho,Monotrilho,numeric,1,1,0,1,0,0,0
1.5.1.AA,Qual a frota de veículos operacionais de aeromóvel (composição) no município?,Qual a frota de veículos operacionais de aeromóvel (composição) no município?,Frota (composição) de Aeromóvel,Modais de transporte,Frota,Aeromóvel,Aeromóvel,numeric,1,1,1,0,0,1,0
1.5.1.AB,Qual a capacidade média de um aeromóvel no município?,Qual a capacidade média de um aeromóvel no município?,Aeromóvel (capacidade média),Modais de transporte,Frota,Aeromóvel,Aeromóvel,numeric,1,1,0,1,0,0,0
1.5.1.AC,Qual a frota de bicicletas compartilhadas operacionais no município?,Qual a frota de bicicletas compartilhadas operacionais no município?,Frota de Bicicletas Compartilhadas,Modais de transporte,Frota,Bicicleta,NA,numeric,1,1,1,0,0,1,1
1.5.2.A,Qual a frota de veículos para fretamento para transporte de passageiro no município?,Qual a frota de veículos para fretamento para transporte de passageiro no município?,Frota de Veículos Fretados para Passageiros,Modais de transporte,Frota,Fretamento,Fretado,numeric,1,1,1,0,0,1,1
1.5.2.B,Qual a frota de veículos para transporte escolar no município?,Qual a frota de veículos para transporte escolar no município?,Frota de Veículos Escolares,Modais de transporte,Frota,Escolar,Escolar,numeric,1,1,1,0,0,1,1
1.6.1.A,Qual a quilometragem de vias dedicadas onde apenas pedestres podem circular (permanente)?,Qual a quilometragem de vias dedicadas onde apenas pedestres podem circular (permanente)?,Extensão de Vias Exclusivas para Pedestres,Modais de transporte,Frota,Pedestres,NA,numeric,0,1,0,0,0,1,1
1.6.1.B,Qual a quilometragem de vias dedicadas onde apenas pedestres podem circular (temporária)?,Qual a quilometragem de vias dedicadas onde apenas pedestres podem circular (temporária)?,Extensão de Vias Exclusivas Temporárias para Pedestres,Modais de transporte,Frota,Pedestres,NA,numeric,0,1,0,0,0,1,1
1.6.1.C,Qual a quilometragem de calçadas no município (parte da via reservada ao trânsito de pedestres)?,Qual a quilometragem de calçadas no município (parte da via reservada ao trânsito de pedestres)?,Extensão de Calçadas para Pedestres,Modais de transporte,Frota,Pedestres,NA,numeric,0,1,0,0,0,1,1
1.6.1.D,Qual a quilometragem de vias dedicadas exclusivas para BRTs no município?,Qual a quilometragem de vias dedicadas exclusivas para BRTs no município?,Extensão de Vias Exclusivas para BRT,Modais de transporte,Frota,NA,BRT,numeric,0,1,0,0,0,1,1
1.6.1.E,Qual a quilometragem de vias dedicadas exclusivamente a corredores de ônibus no município?,Qual a quilometragem de vias dedicadas exclusivamente a corredores de ônibus no município?,Extensão de Corredores Exclusivos de Ônibus,Modais de transporte,Frota,Ônibus,Ônibus,numeric,0,1,0,0,0,1,1
1.6.1.F,Qual a quilometragem de vias dedicadas a faixas exclusivas no município?,Qual a quilometragem de vias dedicadas a faixas exclusivas no município?,Extensão de Faixas Exclusivas,Modais de transporte,Frota,NA,Ônibus,numeric,0,1,0,0,0,1,1
1.6.1.G,Qual a quilometragem de vias dedicadas exclusivamente a ciclovias no município?,Qual a quilometragem de vias dedicadas exclusivamente a ciclovias no município?,Extensão de Ciclovias Exclusivas,Modais de transporte,Frota,NA,Bicicleta,numeric,0,1,0,0,0,1,1
1.6.1.H,Qual a quilometragem de vias dedicadas exclusivamente a ciclofaixas no município?,Qual a quilometragem de vias dedicadas exclusivamente a ciclofaixas no município?,Extensão de Ciclofaixas Exclusivas,Modais de transporte,Frota,NA,Bicicleta,numeric,0,1,0,0,0,1,1
1.6.1.I,Qual a quilometragem de vias dedicadas exclusivamente a metrô no município?,Qual a quilometragem de vias dedicadas exclusivamente a metrô no município?,Extensão da malha (metrô),Modais de transporte,Frota,Metrô,NA,numeric,0,1,0,0,0,1,1
1.6.1.J,Qual a quilometragem de vias dedicadas exclusivamente a trem no município?,Qual a quilometragem de vias dedicadas exclusivamente a trem no município?,Extensão da malha (trem),Modais de transporte,Frota,Trem,NA,numeric,0,1,0,0,0,1,1
1.6.1.K,Qual a quilometragem de vias dedicadas exclusivamente a VLT no município?,Qual a quilometragem de vias dedicadas exclusivamente a VLT no município?,Extensão da malha (VLT),Modais de transporte,Frota,VLT,NA,numeric,0,1,0,0,0,1,1
1.6.1.L,Qual a quilometragem de vias dedicadas exclusivamente a monotrilho no município?,Qual a quilometragem de vias dedicadas exclusivamente a monotrilho no município?,Extensão da malha (monotrilho),Modais de transporte,Frota,Monotrilho,NA,numeric,0,1,0,0,0,1,0
1.6.1.M,Qual a quilometragem de vias dedicadas exclusivamente a aeromóvel no município?,Qual a quilometragem de vias dedicadas exclusivamente a aeromóvel no município?,Extensão da malha (aeromóvel),Modais de transporte,Frota,Aeromóvel,NA,numeric,0,1,0,0,0,1,1
1.7.1.A,Qual a quilometragem percorrida no ano de 2023 pela frota de ônibus do município?,Qual a quilometragem percorrida no ano pela frota de ônibus do município?,Quilômetros Percorridos (Ônibus),Modais de transporte,Frota,Ônibus,NA,numeric,1,1,1,0,0,1,1
1.7.1.B,Qual a quilometragem percorrida no ano de 2023 pela frota de vans/microônibus do município?,Qual a quilometragem percorrida no ano pela frota de vans/microônibus do município?,Quilômetros Percorridos (Microônibus),Modais de transporte,Frota,Microônibus,NA,numeric,1,1,1,0,0,1,1
1.7.1.C,Qual a quilometragem percorrida no ano de 2023 pela frota de metrô do município?,Qual a quilometragem percorrida no ano pela frota de metrô do município?,Quilômetros Percorridos (Metrô),Modais de transporte,Frota,Metrô,NA,numeric,1,1,1,0,0,1,1
1.7.1.D,Qual a quilometragem percorrida no ano de 2023 pela frota de trem do município?,Qual a quilometragem percorrida no ano pela frota de trem do município?,Quilômetros Percorridos (Trem),Modais de transporte,Frota,Trem,NA,numeric,1,1,1,0,0,1,0
1.7.1.E,Qual a quilometragem percorrida no ano de 2023 pela frota de barco/catamarã do município?,Qual a quilometragem percorrida no ano pela frota de barco/catamarã do município?,Quilômetros Percorridos (Barco),Modais de transporte,Frota,Barco,NA,numeric,1,1,1,0,0,1,1
1.7.1.F,Qual a quilometragem percorrida no ano de 2023 pela frota de VLT do município?,Qual a quilometragem percorrida no ano pela frota de VLT do município?,Quilômetros Percorridos (VLT),Modais de transporte,Frota,VLT,NA,numeric,1,1,1,0,0,1,0
1.7.1.G,Qual a quilometragem percorrida no ano de 2023 pela frota de monotrilho do município?,Qual a quilometragem percorrida no ano pela frota de monotrilho do município?,Quilômetros Percorridos (Monotrilho),Modais de transporte,Frota,Monotrilho,Monotrilho,numeric,1,1,1,0,0,1,0
1.7.1.H,Qual a quilometragem percorrida no ano de 2023 pela frota de aeromóvel do município?,Qual a quilometragem percorrida no ano pela frota de aeromóvel do município?,Quilômetros Percorridos (Aeromóvel),Modais de transporte,Frota,Aeromóvel,Aeromóvel,numeric,1,1,1,0,0,1,0
2.1.1.A,Qual a velocidade média operacional (km/h) do sistema de BRT do município em faixas prioritárias no horário de pico?,Qual a velocidade média operacional (km/h) do sistema de BRT do município em faixas prioritárias no horário de pico?,Velocidade Média do BRT em faixas prioritárias (pico),Modais de transporte,Frota,NA,BRT,numeric,1,1,0,1,0,0,1
2.1.1.B,Qual a velocidade média operacional (km/h) nos corredores de ônibus do município no horário de pico?,Qual a velocidade média operacional (km/h) nos corredores de ônibus do município no horário de pico?,Velocidade Média do Ônibus nos Corredores (pico),Modais de transporte,Frota,Ônibus,Ônibus,numeric,1,1,0,1,0,0,1
2.1.1.C,Qual a velocidade média operacional (km/h) nas faixas exclusivas de ônibus do município no horário de pico?,Qual a velocidade média operacional (km/h) nas faixas exclusivas de ônibus do município no horário de pico?,Velocidade Média do Ônibus nas Faixas Exclusivas (pico),Modais de transporte,Frota,Ônibus,Ônibus,numeric,1,1,0,1,0,0,1
2.1.1.D,Qual a velocidade média operacional (km/h) do sistema de metrô do município no horário de pico?,Qual a velocidade média operacional (km/h) do sistema de metrô do município no horário de pico?,Velocidade Média do Metrô (pico),Modais de transporte,Frota,Metrô,Metrô,numeric,1,1,0,1,0,0,1
2.1.1.E,Qual a velocidade média operacional (km/h) do sistema de trem do município no horário de pico?,Qual a velocidade média operacional (km/h) do sistema de trem do município no horário de pico?,Velocidade Média do Trem (pico),Modais de transporte,Frota,Trem,Trem,numeric,1,1,0,1,0,0,0
2.1.1.F,Qual a velocidade média operacional (km/h) do sistema de VLT do município no horário de pico?,Qual a velocidade média operacional (km/h) do sistema de VLT do município no horário de pico?,Velocidade Média do VLT (pico),Modais de transporte,Frota,VLT,VLT,numeric,1,1,0,1,0,0,1
2.1.1.G,Qual a velocidade média operacional (km/h) do sistema de monotrilho do município no horário de pico?,Qual a velocidade média operacional (km/h) do sistema de monotrilho do município no horário de pico?,Velocidade Média do Monotrilho (pico),Modais de transporte,Frota,Monotrilho,Monotrilho,numeric,1,1,0,1,0,0,0
2.1.1.H,Qual a velocidade média operacional (km/h) do sistema de aeromóvel do município no horário de pico?,Qual a velocidade média operacional (km/h) do sistema de aeromóvel do município no horário de pico?,Velocidade Média do Aeromóvel (pico),Modais de transporte,Frota,Aeromóvel,Aeromóvel,numeric,1,1,0,1,0,0,0
2.1.2,Qual a velocidade média operacional (km/h) do sistema de transporte público coletivo em vias de tráfego misto no horário de pico?,Qual a velocidade média operacional (km/h) do sistema de transporte público coletivo em vias de tráfego misto no horário de pico?,Velocidade Média do Transporte Público em Vias Mistas,Modais de transporte,Frota,NA,NA,numeric,1,1,0,1,0,0,1
2.2.1,É possível a circulação de táxis nos corredores de ônibus?,É possível a circulação de táxis nos corredores de ônibus?,Táxi no Corredor de Ônibus,Modais de transporte,Frota,Táxi,NA,text,0,1,0,0,0,0,1
2.3.1.A,Qual a idade média da frota do serviço de transporte por ônibus no município? (em anos),Qual a idade média da frota do serviço de transporte por ônibus no município? (em anos),Idade Média da Frota de Ônibus,Modais de transporte,Frota,Ônibus,Ônibus,numeric,0,1,0,1,0,0,1
2.3.1.B,Qual a idade média da frota do serviço de transporte por vans/microônibus no município? (em anos),Qual a idade média da frota do serviço de transporte por vans/microônibus no município? (em anos),Idade Média da Frota de Microônibus,Modais de transporte,Frota,Microônibus,Microônibus,numeric,0,1,0,1,0,0,1
2.3.1.C,Qual a idade média da frota do serviço de transporte por metrô no município? (em anos),Qual a idade média da frota do serviço de transporte por metrô no município? (em anos),Idade Média da Frota de Metrô,Modais de transporte,Frota,Metrô,Metrô,numeric,1,1,0,1,0,0,1
2.3.1.D,Qual a idade média da frota do serviço de transporte por trem no município? (em anos),Qual a idade média da frota do serviço de transporte por trem no município? (em anos),Idade Média da Frota de Trens,Modais de transporte,Frota,Trem,Trem,numeric,1,1,0,1,0,0,0
2.3.1.E,Qual a idade média da frota do serviço de transporte por VLT no município? (em anos),Qual a idade média da frota do serviço de transporte por VLT no município? (em anos),Idade Média da Frota de VLTs,Modais de transporte,Frota,VLT,VLT,numeric,0,1,0,1,0,0,0
2.3.1.F,Qual a idade média da frota do serviço de transporte por monotrilho no município? (em anos),Qual a idade média da frota do serviço de transporte por monotrilho no município? (em anos),Idade Média da Frota de Monotrilho,Modais de transporte,Frota,Monotrilho,Monotrilho,numeric,0,1,0,1,0,0,0
2.3.1.G,Qual a idade média da frota do serviço de transporte por aeromóvel no município? (em anos),Qual a idade média da frota do serviço de transporte por aeromóvel no município? (em anos),Idade Média da Frota de Aeromóvel,Modais de transporte,Frota,Aeromóvel,Aeromóvel,numeric,0,1,0,1,0,0,0
2.3.1.H,Qual a idade média da frota do serviço de transporte por Táxi no município? (em anos),Qual a idade média da frota do serviço de transporte por Táxi no município? (em anos),Idade Média da Frota de Táxis,Modais de transporte,Frota,Táxi,Táxi,numeric,0,1,0,1,0,0,1
2.4.1.A,Qual o número de terminais rodoviários com informações aos usuários sobre itinerários?,Qual o número de terminais rodoviários com informações aos usuários sobre itinerários?,Terminais Rodoviários com Itinerários,Modais de transporte,Infraestrutura,NA,NA,numeric,0,1,0,0,0,1,1
2.4.1.B,Qual o número de terminais rodoviários com informações aos usuários sobre horários?,Qual o número de terminais rodoviários com informações aos usuários sobre horários?,Terminais Rodoviários com Informações sobre Horários,Modais de transporte,Infraestrutura,NA,NA,numeric,0,1,0,0,0,1,1
2.4.1.C,Qual o número de terminais rodoviários com informações aos usuários sobre tarifas dos serviços?,Qual o número de terminais rodoviários com informações aos usuários sobre tarifas dos serviços?,Terminais Rodoviários com Informações sobre Tarifas,Modais de transporte,Infraestrutura,NA,NA,numeric,0,1,0,0,0,1,1
2.4.1.D,Qual o número de terminais rodoviários com informações aos usuários sobre formas de integração com outros modos de transporte?,Qual o número de terminais rodoviários com informações aos usuários sobre formas de integração com outros modos de transporte?,Terminais Rodoviários com Informações sobre Integrações,Modais de transporte,Infraestrutura,NA,NA,numeric,0,1,0,0,0,1,1
2.4.1.E,Qual o número de estações metroferroviárias com informações aos usuários sobre itinerários?,Qual o número de estações metroferroviárias com informações aos usuários sobre itinerários?,Estações Metroviárias com Itinerários,Modais de transporte,Infraestrutura,NA,Metrô/trem,numeric,1,1,1,0,0,1,1
2.4.1.F,Qual o número de estações metroferroviárias com informações aos usuários sobre horários?,Qual o número de estações metroferroviárias com informações aos usuários sobre horários?,Estações Metroviárias com Informações sobre Horários,Modais de transporte,Infraestrutura,NA,Metrô/trem,numeric,1,1,1,0,0,1,1
2.4.1.G,Qual o número de estações metroferroviárias com informações aos usuários sobre tarifas dos serviços?,Qual o número de estações metroferroviárias com informações aos usuários sobre tarifas dos serviços?,Estações Metroviárias com Informações sobre Tarifas,Modais de transporte,Infraestrutura,NA,Metrô/trem,numeric,1,1,1,0,0,1,1
2.4.1.H,Qual o número de estações metroferroviárias com informações aos usuários sobre formas de integração com outros modos de transporte?,Qual o número de estações metroferroviárias com informações aos usuários sobre formas de integração com outros modos de transporte?,Estações Metroviárias com Informações sobre Integrações,Modais de transporte,Infraestrutura,NA,Metrô/trem,numeric,1,1,1,0,0,1,1
2.4.2.A,Qual o número total de pontos de embarque e desembarque com informações aos usuários sobre itinerários?,Qual o número total de pontos de embarque e desembarque com informações aos usuários sobre itinerários?,Pontos de Embarque com Itinerários,Modais de transporte,Infraestrutura,NA,Ônibus,numeric,1,1,1,0,0,1,1
2.4.2.B,Qual o número total de pontos de embarque e desembarque com informações aos usuários sobre horários?,Qual o número total de pontos de embarque e desembarque com informações aos usuários sobre horários?,Pontos de Embarque com Informações sobre Horários,Modais de transporte,Infraestrutura,NA,Ônibus,numeric,1,1,1,0,0,1,1
2.4.2.C,Qual o número total de pontos de embarque e desembarque com informações aos usuários sobre tarifas?,Qual o número total de pontos de embarque e desembarque com informações aos usuários sobre tarifas?,Pontos de Embarque com Informações sobre Tarifas,Modais de transporte,Infraestrutura,NA,Ônibus,numeric,1,1,1,0,0,1,1
2.4.2.D,Qual o número total de pontos de embarque e desembarque com informações aos usuários sobre modos de interação com outros modos de transporte?,Qual o número total de pontos de embarque e desembarque com informações aos usuários sobre modos de interação com outros modos de transporte?,Pontos de Embarque com Informações sobre Integrações,Modais de transporte,Infraestrutura,NA,Ônibus,numeric,1,1,1,0,0,1,1
2.5.1,O município realiza pesquisa de satisfação dos usuários?,O município realiza pesquisa de satisfação dos usuários?,Existe Pesquisa de Satisfação de Usuário,Administrativo,Pesquisas,NA,NA,text,0,1,0,0,0,0,1
2.5.1.A,Ano de realização da pesquisa:,Ano de realização da pesquisa:,Ano da Pesquisa,Administrativo,Pesquisas,NA,NA,numeric,0,0,0,0,0,1,1
2.5.1.B,Em qual website é possível obter a pesquisa de satisfação dos usuários em formato digital?,Em qual website é possível obter a pesquisa de satisfação dos usuários em formato digital?,Website Satisfação de Usuário,Administrativo,Pesquisas,NA,NA,text,0,0,0,0,0,0,1
2.6.1.A,O município possui informações sobre pontualidade e regularidade na prestação do serviço de transporte por ônibus?,O município possui informações sobre pontualidade e regularidade na prestação do serviço de transporte por ônibus?,Informações sobre pontualidade e regularidade (ônibus),Modais de transporte,Eficiência e Indicadores,Ônibus,Ônibus,binary,0,1,0,0,0,0,1
2.6.1.B,O município possui informações sobre pontualidade e regularidade na prestação do serviço de transporte por vans/microônibus?,O município possui informações sobre pontualidade e regularidade na prestação do serviço de transporte por vans/microônibus?,Informações sobre pontualidade e regularidade (ônibus),Modais de transporte,Eficiência e Indicadores,Microônibus,Microônibus,binary,0,1,0,0,0,0,1
2.6.1.C,O município possui informações sobre pontualidade e regularidade na prestação do serviço de transporte por metrô?,O município possui informações sobre pontualidade e regularidade na prestação do serviço de transporte por metrô?,Informações sobre pontualidade e regularidade (ônibus),Modais de transporte,Eficiência e Indicadores,Metrô,Metrô,binary,0,1,0,0,0,0,1
2.6.1.D,O município possui informações sobre pontualidade e regularidade na prestação do serviço de transporte por trem?,O município possui informações sobre pontualidade e regularidade na prestação do serviço de transporte por trem?,Informações sobre pontualidade e regularidade (ônibus),Modais de transporte,Eficiência e Indicadores,Trem,Trem,binary,0,1,0,0,0,0,1
2.6.1.E,O município possui informações sobre pontualidade e regularidade na prestação do serviço de transporte por barco?,O município possui informações sobre pontualidade e regularidade na prestação do serviço de transporte por barco?,Informações sobre pontualidade e regularidade (ônibus),Modais de transporte,Eficiência e Indicadores,Barco,Barco,binary,0,1,0,0,0,0,1
2.6.1.F,O município possui informações sobre pontualidade e regularidade na prestação do serviço de transporte por VLT?,O município possui informações sobre pontualidade e regularidade na prestação do serviço de transporte por VLT?,Informações sobre pontualidade e regularidade (ônibus),Modais de transporte,Eficiência e Indicadores,VLT,VLT,binary,0,1,0,0,0,0,1
2.6.1.G,O município possui informações sobre pontualidade e regularidade na prestação do serviço de transporte por monotrilho?,O município possui informações sobre pontualidade e regularidade na prestação do serviço de transporte por monotrilho?,Informações sobre pontualidade e regularidade (ônibus),Modais de transporte,Eficiência e Indicadores,Monotrilho,Monotrilho,binary,0,1,0,0,0,0,1
2.6.1.H,O município possui informações sobre pontualidade e regularidade na prestação do serviço de transporte por aeromóvel?,O município possui informações sobre pontualidade e regularidade na prestação do serviço de transporte por aeromóvel?,Informações sobre pontualidade e regularidade (ônibus),Modais de transporte,Eficiência e Indicadores,Aeromóvel,Aeromóvel,binary,0,1,0,0,0,0,0
2.6.2.A,Qual a porcentagem de viagens por ônibus foram realizadas dentro do horário programado em 2023? (%),Qual a porcentagem de viagens por ônibus foram realizadas dentro do horário programado no ano? (%),Viagens de Ônibus Realizadas no Horário Programado (%),Modais de transporte,Eficiência e Indicadores,Ônibus,NA,numeric,1,1,0,0,0,1,1
2.6.2.B,Qual a porcentagem de viagens por vans/microônibus foram realizadas dentro do horário programado em 2023? (%),Qual a porcentagem de viagens por vans/microônibus foram realizadas dentro do horário programado no ano? (%),Viagens de Microônibus Realizadas no Horário Programado (%),Modais de transporte,Eficiência e Indicadores,Microônibus,NA,numeric,1,1,0,0,0,1,1
2.6.2.C,Qual a porcentagem de viagens por metrô foram realizadas dentro do horário programado em 2023? (%),Qual a porcentagem de viagens por metrô foram realizadas dentro do horário programado no ano? (%),Viagens de Metrô Realizadas no Horário Programado (%),Modais de transporte,Eficiência e Indicadores,Metrô,NA,numeric,1,1,0,0,0,1,0
2.6.2.D,Qual a porcentagem de viagens por trem foram realizadas dentro do horário programado em 2023? (%),Qual a porcentagem de viagens por trem foram realizadas dentro do horário programado no ano? (%),Viagens de Trem Realizadas no Horário Programado (%),Modais de transporte,Eficiência e Indicadores,Trem,NA,numeric,1,1,0,0,0,1,0
2.6.2.E,Qual a porcentagem de viagens por barco foram realizadas dentro do horário programado em 2023? (%),Qual a porcentagem de viagens por barco foram realizadas dentro do horário programado no ano? (%),Viagens de Barco Realizadas no Horário Programado (%),Modais de transporte,Eficiência e Indicadores,Barco,NA,numeric,1,1,0,0,0,1,1
2.6.2.F,Qual a porcentagem de viagens por VLT foram realizadas dentro do horário programado em 2023? (%),Qual a porcentagem de viagens por VLT foram realizadas dentro do horário programado no ano? (%),Viagens de VLT Realizadas no Horário Programado (%),Modais de transporte,Eficiência e Indicadores,VLT,NA,numeric,1,1,0,0,0,1,0
2.6.2.G,Qual a porcentagem de viagens por Monotrilho foram realizadas dentro do horário programado em 2023? (%),Qual a porcentagem de viagens por Monotrilho foram realizadas dentro do horário programado no ano? (%),Viagens de Monotrilho Realizadas no Horário Programado (%),Modais de transporte,Eficiência e Indicadores,Monotrilho,NA,numeric,1,1,0,0,0,1,0
2.6.2.H,Qual a porcentagem de viagens por aeromóvel foram realizadas dentro do horário programado em 2023? (%),Qual a porcentagem de viagens por aeromóvel foram realizadas dentro do horário programado no ano? (%),Viagens de Aeromóvel Realizadas no Horário Programado (%),Modais de transporte,Eficiência e Indicadores,Aeromóvel,NA,numeric,1,1,0,0,0,1,0
2.6.2.I,Qual a porcentagem de viagens por ônibus não foram completadas em 2023? (%),Qual a porcentagem de viagens por ônibus não foram completadas no ano? (%),Viagens de Ônibus Incompletas (%),Modais de transporte,Eficiência e Indicadores,Ônibus,NA,numeric,1,1,0,0,0,1,1
2.6.2.J,Qual o percentual de viagens por vans/microônibus não foram completadas em 2023? (%),Qual o percentual de viagens por vans/microônibus não foram completadas no ano? (%),Viagens de Ônibus Incompletas Microônibus(%),Modais de transporte,Eficiência e Indicadores,Microônibus,NA,numeric,1,1,0,0,1,0,1
2.6.2.K,Qual o percentual de viagens por metrô não foram completadas em 2023? (%),Qual o percentual de viagens por metrô não foram completadas no ano? (%),Viagens de Metrô Incompletas (%),Modais de transporte,Eficiência e Indicadores,Metrô,NA,numeric,1,1,0,0,1,0,1
2.6.2.L,Qual o percentual de viagens por trem não foram completadas em 2023? (%),Qual o percentual de viagens por trem não foram completadas no ano? (%),Viagens de Trem Incompletas (%),Modais de transporte,Eficiência e Indicadores,Trem,NA,numeric,1,1,0,0,1,0,1
2.6.2.M,Qual o percentual de viagens por barco não foram completadas em 2023? (%),Qual o percentual de viagens por barco não foram completadas no ano? (%),Viagens de Barco Incompletas (%),Modais de transporte,Eficiência e Indicadores,Barco,NA,numeric,1,1,0,0,1,0,1
2.6.2.N,Qual o percentual de viagens por VLT não foram completadas em 2023? (%),Qual o percentual de viagens por VLT não foram completadas no ano? (%),Viagens de VLT Incompletas (%),Modais de transporte,Eficiência e Indicadores,VLT,NA,numeric,1,1,0,0,1,0,1
2.6.2.O,Qual o percentual de viagens por monotrilho não foram completadas em 2023? (%),Qual o percentual de viagens por monotrilho não foram completadas no ano? (%),Viagens de Monotrilho Incompletas (%),Modais de transporte,Eficiência e Indicadores,Monotrilho,NA,numeric,1,1,0,0,1,0,1
2.6.2.P,Qual o percentual de viagens por aeromóvel não foram completadas em 2023? (%),Qual o percentual de viagens por aeromóvel não foram completadas no ano? (%),Viagens de Aeromóvel Incompletas (%),Modais de transporte,Eficiência e Indicadores,Aeromóvel,NA,numeric,1,1,0,0,1,0,0
3.1.1.A,Qual o valor da atual tarifa predominante do município?,Qual o valor da atual tarifa predominante do município?,Valor da Tarifa,Modais de transporte,Receita e Despesa,NA,NA,numeric,1,1,0,0,0,1,1
3.1.1.B,Qual o valor anterior da tarifa predominante no município?,Qual o valor anterior da tarifa predominante no município?,Valor Anterior da Tarifa,Modais de transporte,Receita e Despesa,NA,NA,numeric,0,0,0,0,0,1,1
3.1.1.C,Qual a data do último reajuste?,Qual a data do último reajuste?,Data do Último Reajuste,Modais de transporte,Receita e Despesa,NA,NA,date,0,0,0,0,0,0,1
3.1.2,Existe outros valores de tarifas na rede de transporte público coletivo no município?,Existe outros valores de tarifas na rede de transporte público coletivo no município?,Tarifa Única,Modais de transporte,Receita e Despesa,NA,NA,binary,0,0,0,0,0,0,1
3.1.2.A,Quais outros serviços e respectivos valores de tarifas públicas existem no município?,Quais outros serviços e respectivos valores de tarifas públicas existem no município?,Serviços e Tarifas Diferentes,Modais de transporte,Receita e Despesa,NA,NA,text,0,0,0,0,0,0,1
3.1.3,Quais as formas de integração tarifária existentes?,Quais as formas de integração tarifária existentes?,Formas de Integração Tarifárias Existentes,Modais de transporte,Receita e Despesa,NA,NA,text,0,0,0,0,0,0,1
3.2.1.A,Qual o valor da receita tarifária anual por ônibus arrecadado em 2023?,Qual o valor da receita tarifária anual por ônibus arrecadado no ano?,Receita Tarifária (Ônibus),Modais de transporte,Receita e Despesa,Ônibus,NA,numeric,1,1,1,0,0,1,1
3.2.1.B,"Se houver receita extratarifária, qual o valor de subsídio associado a passageiros com benefícios tarifários utilizado no sistema por ônibus em 2023?","Se houver receita extratarifária, qual o valor de subsídio associado a passageiros com benefícios tarifários utilizado no sistema por ônibus no ano?",Subsídios a Passageiros (Ônibus),Modais de transporte,Receita e Despesa,Ônibus,NA,numeric,1,1,1,0,0,1,1
3.2.1.C,"Se houver receita extratarifária, qual o valor arrecadado com subsídio direto ao sistema (subvenção) no sistema por ônibus em 2023?","Se houver receita extratarifária, qual o valor arrecadado com subsídio direto ao sistema (subvenção) no sistema por ônibus no ano?",Subsídios ao Sistema (Ônibus),Modais de transporte,Receita e Despesa,Ônibus,NA,numeric,1,1,1,0,0,1,1
3.2.1.D,"Se houver receita extratarifária, qual o valor arrecadado com publicidade em abrigos, terminais e veículos no sistema por ônibus em 2023?","Se houver receita extratarifária, qual o valor arrecadado com publicidade em abrigos, terminais e veículos no sistema por ônibus no ano?",Receita Extratarifária com Publicidade (Ônibus),Modais de transporte,Receita e Despesa,Ônibus,NA,numeric,1,1,1,0,0,1,1
3.2.1.E,"Se houver receita extratarifária, qual o valor arrecadado com outras fontes de recursos no sistema por ônibus em 2023?","Se houver receita extratarifária, qual o valor arrecadado com outras fontes de recursos no sistema por ônibus no ano?",Receita Extratarifária de Outras Fontes (Ônibus),Modais de transporte,Receita e Despesa,Ônibus,NA,numeric,1,1,1,0,0,1,1
3.2.2.A,Qual o valor da receita tarifária anual por vans/microônibus arrecadado em 2023?,Qual o valor da receita tarifária anual por vans/microônibus arrecadado no ano?,Receita Tarifária (Ônibus),Modais de transporte,Receita e Despesa,Microônibus,NA,numeric,1,1,1,0,0,1,1
3.2.2.B,"Se houver receita extratarifária, qual o valor de subsídio associado a passageiros com benefícios tarifários utilizado no sistema por vans/microônibus em 2023?","Se houver receita extratarifária, qual o valor de subsídio associado a passageiros com benefícios tarifários utilizado no sistema por vans/microônibus no ano?",Subsídios a Passageiros (Ônibus),Modais de transporte,Receita e Despesa,Microônibus,NA,numeric,1,1,1,0,0,1,1
3.2.2.C,"Se houver receita extratarifária, qual o valor arrecadado com subsídio direto ao sistema (subvenção) no sistema por vans/microônibus em 2023?","Se houver receita extratarifária, qual o valor arrecadado com subsídio direto ao sistema (subvenção) no sistema por vans/microônibus no ano?",Subsídios ao Sistema (Ônibus),Modais de transporte,Receita e Despesa,Microônibus,NA,numeric,1,1,1,0,0,1,0
3.2.2.D,"Se houver receita extratarifária, qual o valor arrecadado com publicidade em abrigos, terminais e veículos no sistema por vans/microônibus em 2023?","Se houver receita extratarifária, qual o valor arrecadado com publicidade em abrigos, terminais e veículos no sistema por vans/microônibus no ano?",Receita Extratarifária com Publicidade (Ônibus),Modais de transporte,Receita e Despesa,Microônibus,NA,numeric,1,1,1,0,0,1,0
3.2.2.E,"Se houver receita extratarifária, qual o valor arrecadado com outras fontes de recursos no sistema por vans/microônibus em 2023?","Se houver receita extratarifária, qual o valor arrecadado com outras fontes de recursos no sistema por vans/microônibus no ano?",Receita Extratarifária de Outras Fontes (Ônibus),Modais de transporte,Receita e Despesa,Microônibus,NA,numeric,1,1,1,0,0,1,0
3.2.3.A,Qual o valor da receita tarifária anual por metrô arrecadado em 2023?,Qual o valor da receita tarifária anual por metrô arrecadado no ano?,Receita Tarifária (Ônibus),Modais de transporte,Receita e Despesa,Metrô,NA,numeric,1,1,1,0,0,1,0
3.2.3.B,"Se houver receita extratarifária, qual o valor de subsídio associado a passageiros com benefícios tarifários utilizado no sistema por metrô em 2023?","Se houver receita extratarifária, qual o valor de subsídio associado a passageiros com benefícios tarifários utilizado no sistema por metrô no ano?",Subsídios a Passageiros (Ônibus),Modais de transporte,Receita e Despesa,Metrô,NA,numeric,1,1,1,0,0,1,0
3.2.3.C,"Se houver receita extratarifária, qual o valor arrecadado com subsídio direto ao sistema (subvenção) no sistema por metrô em 2023?","Se houver receita extratarifária, qual o valor arrecadado com subsídio direto ao sistema (subvenção) no sistema por metrô no ano?",Subsídios ao Sistema (Ônibus),Modais de transporte,Receita e Despesa,Metrô,NA,numeric,1,1,1,0,0,1,0
3.2.3.D,"Se houver receita extratarifária, qual o valor arrecadado com publicidade em abrigos, terminais e veículos no sistema por metrô em 2023?","Se houver receita extratarifária, qual o valor arrecadado com publicidade em abrigos, terminais e veículos no sistema por metrô no ano?",Receita Extratarifária com Publicidade (Ônibus),Modais de transporte,Receita e Despesa,Metrô,NA,numeric,1,1,1,0,0,1,0
3.2.3.E,"Se houver receita extratarifária, qual o valor arrecadado com outras fontes de recursos no sistema por metrô em 2023?","Se houver receita extratarifária, qual o valor arrecadado com outras fontes de recursos no sistema por metrô no ano?",Receita Extratarifária de Outras Fontes (Ônibus),Modais de transporte,Receita e Despesa,Metrô,NA,numeric,1,1,1,0,0,1,0
3.2.4.A,Qual o valor da receita tarifária anual por trem arrecadado em 2023?,Qual o valor da receita tarifária anual por trem arrecadado no ano?,Receita Tarifária (Ônibus),Modais de transporte,Receita e Despesa,Trem,NA,numeric,1,1,1,0,0,1,0
3.2.4.B,"Se houver receita extratarifária, qual o valor de subsídio associado a passageiros com benefícios tarifários utilizado no sistema por trem em 2023?","Se houver receita extratarifária, qual o valor de subsídio associado a passageiros com benefícios tarifários utilizado no sistema por trem no ano?",Subsídios a Passageiros (Ônibus),Modais de transporte,Receita e Despesa,Trem,NA,numeric,1,1,1,0,0,1,0
3.2.4.C,"Se houver receita extratarifária, qual o valor arrecadado com subsídio direto ao sistema (subvenção) no sistema por trem em 2023?","Se houver receita extratarifária, qual o valor arrecadado com subsídio direto ao sistema (subvenção) no sistema por trem no ano?",Subsídios ao Sistema (Ônibus),Modais de transporte,Receita e Despesa,Trem,NA,numeric,1,1,1,0,0,1,0
3.2.4.D,"Se houver receita extratarifária, qual o valor arrecadado com publicidade em abrigos, terminais e veículos no sistema por trem em 2023?","Se houver receita extratarifária, qual o valor arrecadado com publicidade em abrigos, terminais e veículos no sistema por trem no ano?",Receita Extratarifária com Publicidade (Ônibus),Modais de transporte,Receita e Despesa,Trem,NA,numeric,1,1,1,0,0,1,0
3.2.4.E,"Se houver receita extratarifária, qual o valor arrecadado com outras fontes de recursos no sistema por trem em 2023?","Se houver receita extratarifária, qual o valor arrecadado com outras fontes de recursos no sistema por trem no ano?",Receita Extratarifária de Outras Fontes (Ônibus),Modais de transporte,Receita e Despesa,Trem,NA,numeric,1,1,1,0,0,1,0
3.2.5.A,Qual o valor da receita tarifária anual por barco arrecadado em 2023?,Qual o valor da receita tarifária anual por barco arrecadado no ano?,Receita Tarifária (Ônibus),Modais de transporte,Receita e Despesa,Barco,NA,numeric,1,1,1,0,0,1,1
3.2.5.B,"Se houver receita extratarifária, qual o valor de subsídio associado a passageiros com benefícios tarifários utilizado no sistema por barco em 2023?","Se houver receita extratarifária, qual o valor de subsídio associado a passageiros com benefícios tarifários utilizado no sistema por barco no ano?",Subsídios a Passageiros (Ônibus),Modais de transporte,Receita e Despesa,Barco,NA,numeric,1,1,1,0,0,1,0
3.2.5.C,"Se houver receita extratarifária, qual o valor arrecadado com subsídio direto ao sistema (subvenção) no sistema por barco em 2023?","Se houver receita extratarifária, qual o valor arrecadado com subsídio direto ao sistema (subvenção) no sistema por barco no ano?",Subsídios ao Sistema (Ônibus),Modais de transporte,Receita e Despesa,Barco,NA,numeric,1,1,1,0,0,1,0
3.2.5.D,"Se houver receita extratarifária, qual o valor arrecadado com publicidade em abrigos, terminais e veículos no sistema por barco em 2023?","Se houver receita extratarifária, qual o valor arrecadado com publicidade em abrigos, terminais e veículos no sistema por barco no ano?",Receita Extratarifária com Publicidade (Ônibus),Modais de transporte,Receita e Despesa,Barco,NA,numeric,1,1,1,0,0,1,0
3.2.5.E,"Se houver receita extratarifária, qual o valor arrecadado com outras fontes de recursos no sistema por barco em 2023?","Se houver receita extratarifária, qual o valor arrecadado com outras fontes de recursos no sistema por barco no ano?",Receita Extratarifária de Outras Fontes (Ônibus),Modais de transporte,Receita e Despesa,Barco,NA,numeric,1,1,1,0,0,1,0
3.2.6.A,Qual o valor da receita tarifária anual por VLT arrecado em 2023?,Qual o valor da receita tarifária anual por VLT arrecado no ano?,Receita Tarifária (Ônibus),Modais de transporte,Receita e Despesa,VLT,NA,numeric,1,1,1,0,0,1,0
3.2.6.B,"Se houver receita extratarifária, qual o valor de subsídio associado a passageiros com benefícios tarifários utilizado no sistema por VLT em 2023?","Se houver receita extratarifária, qual o valor de subsídio associado a passageiros com benefícios tarifários utilizado no sistema por VLT no ano?",Subsídios a Passageiros (Ônibus),Modais de transporte,Receita e Despesa,VLT,NA,numeric,1,1,1,0,0,1,0
3.2.6.C,"Se houver receita extratarifária, qual o valor arrecadado com subsídio direto ao sistema (subvenção) no sistema por VLT em 2023?","Se houver receita extratarifária, qual o valor arrecadado com subsídio direto ao sistema (subvenção) no sistema por VLT no ano?",Subsídios ao Sistema (Ônibus),Modais de transporte,Receita e Despesa,VLT,NA,numeric,1,1,1,0,0,1,0
3.2.6.D,"Se houver receita extratarifária, qual o valor arrecadado com publicidade em abrigos, terminais e veículos no sistema por VLT em 2023?","Se houver receita extratarifária, qual o valor arrecadado com publicidade em abrigos, terminais e veículos no sistema por VLT no ano?",Receita Extratarifária com Publicidade (Ônibus),Modais de transporte,Receita e Despesa,VLT,NA,numeric,1,1,1,0,0,1,0
3.2.6.E,"Se houver receita extratarifária, qual o valor arrecadado com outras fontes de recursos no sistema por VLT em 2023?","Se houver receita extratarifária, qual o valor arrecadado com outras fontes de recursos no sistema por VLT no ano?",Receita Extratarifária de Outras Fontes (Ônibus),Modais de transporte,Receita e Despesa,VLT,NA,numeric,1,1,1,0,0,1,1
3.2.7.A,Qual o valor da receita tarifária anual por monotrilho arrecadado em 2023?,Qual o valor da receita tarifária anual por monotrilho arrecadado no ano?,Receita Tarifária (Ônibus),Modais de transporte,Receita e Despesa,Monotrilho,NA,numeric,1,1,1,0,0,1,0
3.2.7.B,"Se houver receita extratarifária, qual o valor de subsídio associado a passageiros com benefícios tarifários utilizado no sistema por monotrilho em 2023?","Se houver receita extratarifária, qual o valor de subsídio associado a passageiros com benefícios tarifários utilizado no sistema por monotrilho no ano?",Subsídios a Passageiros (Ônibus),Modais de transporte,Receita e Despesa,Monotrilho,NA,numeric,1,1,1,0,0,1,0
3.2.7.C,"Se houver receita extratarifária, qual o valor arrecadado com subsídio direto ao sistema (subvenção) no sistema por monotrilho em 2023?","Se houver receita extratarifária, qual o valor arrecadado com subsídio direto ao sistema (subvenção) no sistema por monotrilho no ano?",Subsídios ao Sistema (Ônibus),Modais de transporte,Receita e Despesa,Monotrilho,NA,numeric,1,1,1,0,0,1,0
3.2.7.D,"Se houver receita extratarifária, qual o valor arrecadado com publicidade em abrigos, terminais e veículos no sistema por monotrilho em 2023?","Se houver receita extratarifária, qual o valor arrecadado com publicidade em abrigos, terminais e veículos no sistema por monotrilho no ano?",Receita Extratarifária com Publicidade (Ônibus),Modais de transporte,Receita e Despesa,Monotrilho,NA,numeric,1,1,1,0,0,1,0
3.2.7.E,"Se houver receita extratarifária, qual o valor arrecadado com outras fontes de recursos no sistema por monotrilho em 2023?","Se houver receita extratarifária, qual o valor arrecadado com outras fontes de recursos no sistema por monotrilho no ano?",Receita Extratarifária de Outras Fontes (Ônibus),Modais de transporte,Receita e Despesa,Monotrilho,NA,numeric,1,1,1,0,0,1,0
3.2.8.A,Qual o valor da receita tarifária anual por aeromóvel arrecado em 2023?,Qual o valor da receita tarifária anual por aeromóvel arrecado no ano?,Receita Tarifária (Ônibus),Modais de transporte,Receita e Despesa,Aeromóvel,NA,numeric,1,1,1,0,0,1,0
3.2.8.B,"Se houver receita extratarifária, qual o valor de subsídio associado a passageiros com benefícios tarifários utilizado no sistema por aeromóvel em 2023?","Se houver receita extratarifária, qual o valor de subsídio associado a passageiros com benefícios tarifários utilizado no sistema por aeromóvel no ano?",Subsídios a Passageiros (Ônibus),Modais de transporte,Receita e Despesa,Aeromóvel,NA,numeric,1,1,1,0,0,1,0
3.2.8.C,"Se houver receita extratarifária, qual o valor arrecadado com subsídio direto ao sistema (subvenção) no sistema por aeromóvel em 2023?","Se houver receita extratarifária, qual o valor arrecadado com subsídio direto ao sistema (subvenção) no sistema por aeromóvel no ano?",Subsídios ao Sistema (Ônibus),Modais de transporte,Receita e Despesa,Aeromóvel,NA,numeric,1,1,1,0,0,1,0
3.2.8.D,"Se houver receita extratarifária, qual o valor arrecadado com publicidade em abrigos, terminais e veículos no sistema por aeromóvel em 2023?","Se houver receita extratarifária, qual o valor arrecadado com publicidade em abrigos, terminais e veículos no sistema por aeromóvel no ano?",Receita Extratarifária com Publicidade (Ônibus),Modais de transporte,Receita e Despesa,Aeromóvel,NA,numeric,1,1,1,0,0,1,0
3.2.8.E,"Se houver receita extratarifária, qual o valor arrecadado com outras fontes de recursos no sistema por aeromóvel em 2023?","Se houver receita extratarifária, qual o valor arrecadado com outras fontes de recursos no sistema por aeromóvel no ano?",Receita Extratarifária de Outras Fontes (Ônibus),Modais de transporte,Receita e Despesa,Aeromóvel,NA,numeric,1,1,1,0,0,1,0
3.3.1.A,Quais os impostos incidentes no serviço de transporte por ônibus?,Quais os impostos incidentes no serviço de transporte por ônibus?,Impostos Incidentes (Ônibus),Modais de transporte,Receita e Despesa,Ônibus,NA,numeric,1,1,1,0,0,1,1
3.3.1.B,Qual o percentual de ISS incidente no serviço de transporte por ônibus?,Qual o percentual de ISS incidente no serviço de transporte por ônibus?,Impostos e taxas - Alíquota ISS (Ônibus),Modais de transporte,Receita e Despesa,Ônibus,NA,numeric,1,1,1,0,1,0,1
3.3.1.C,Qual o percentual de Taxa de Gerenciamento incidente no serviço de transporte por ônibus?,Qual o percentual de Taxa de Gerenciamento incidente no serviço de transporte por ônibus?,Impostos e Taxas - Taxa de Gerenciamento (Ônibus),Modais de transporte,Receita e Despesa,Ônibus,NA,numeric,1,1,1,0,1,0,1
3.3.1.D,Qual o percentual de PIS incidente no serviço de transporte por ônibus?,Qual o percentual de PIS incidente no serviço de transporte por ônibus?,Impostos e Taxas - PIS (Ônibus),Modais de transporte,Receita e Despesa,Ônibus,NA,numeric,1,1,1,0,1,0,1
3.3.1.E,Qual o percentual de Cofins incidente no serviço de transporte por ônibus?,Qual o percentual de Cofins incidente no serviço de transporte por ônibus?,Impostos e Taxas - Cofins (Ônibus),Modais de transporte,Receita e Despesa,Ônibus,NA,numeric,1,1,1,0,1,0,1
3.3.1.F,Qual o percentual de outros impostos incidentes no serviço de transporte por ônibus?,Qual o percentual de outros impostos incidentes no serviço de transporte por ônibus?,Impostos e Taxas - Alíquota Outros Impostos (Ônibus),Modais de transporte,Receita e Despesa,Ônibus,NA,numeric,1,1,1,0,1,0,1
3.3.1.G,Quais outros impostos incidem no serviço de transporte por ônibus?,Quais outros impostos incidem no serviço de transporte por ônibus?,Impostos e Taxas - Outros Impostos (Ônibus),Modais de transporte,Receita e Despesa,Ônibus,NA,numeric,1,1,1,0,0,1,1
3.3.1.H,Quais os impostos incidentes no serviço de transporte por vans/microônibus?,Quais os impostos incidentes no serviço de transporte por vans/microônibus?,Impostos Incidentes (Ônibus),Modais de transporte,Receita e Despesa,Microônibus,NA,numeric,1,1,1,0,0,1,1
3.3.1.I,Qual o percentual de ISS incidente no serviço de transporte por vans/microônibus?,Qual o percentual de ISS incidente no serviço de transporte por vans/microônibus?,Impostos e taxas - Alíquota ISS (Ônibus),Modais de transporte,Receita e Despesa,Microônibus,NA,numeric,1,1,1,0,1,0,1
3.3.1.J,Qual o percentual de Taxa de Gerenciamento incidente no serviço de transporte por vans/microônibus?,Qual o percentual de Taxa de Gerenciamento incidente no serviço de transporte por vans/microônibus?,Impostos e Taxas - Taxa de Gerenciamento (Ônibus),Modais de transporte,Receita e Despesa,Microônibus,NA,numeric,1,1,1,0,1,0,0
3.3.1.K,Qual o percentual de PIS incidente no serviço de transporte por vans/microônibus?,Qual o percentual de PIS incidente no serviço de transporte por vans/microônibus?,Impostos e Taxas - PIS (Ônibus),Modais de transporte,Receita e Despesa,Microônibus,NA,numeric,1,1,1,0,1,0,0
3.3.1.L,Qual o percentual de Cofins incidente no serviço de transporte por vans/microônibus?,Qual o percentual de Cofins incidente no serviço de transporte por vans/microônibus?,Impostos e Taxas - Cofins (Ônibus),Modais de transporte,Receita e Despesa,Microônibus,NA,numeric,1,1,1,0,1,0,0
3.3.1.M,Qual o percentual de outros impostos incidentes no serviço de transporte por vans/microônibus?,Qual o percentual de outros impostos incidentes no serviço de transporte por vans/microônibus?,Impostos e Taxas - Alíquota Outros Impostos (Ônibus),Modais de transporte,Receita e Despesa,Microônibus,NA,numeric,1,1,1,0,1,0,1
3.3.1.N,Quais outros impostos incidem no serviço de transporte por vans/microônibus?,Quais outros impostos incidem no serviço de transporte por vans/microônibus?,Impostos e Taxas - Outros Impostos (Ônibus),Modais de transporte,Receita e Despesa,Microônibus,NA,numeric,1,1,1,0,0,1,1
3.3.1.O,Quais os impostos incidentes no serviço de transporte por metrô?,Quais os impostos incidentes no serviço de transporte por metrô?,Impostos Incidentes (Ônibus),Modais de transporte,Receita e Despesa,Metrô,NA,numeric,1,1,1,0,0,1,0
3.3.1.P,Qual o percentual de ISS incidente no serviço de transporte por metrô?,Qual o percentual de ISS incidente no serviço de transporte por metrô?,Impostos e taxas - Alíquota ISS (Ônibus),Modais de transporte,Receita e Despesa,Metrô,NA,numeric,1,1,1,0,1,0,0
3.3.1.Q,Qual o percentual de Taxa de Gerenciamento incidente no serviço de transporte por metrô?,Qual o percentual de Taxa de Gerenciamento incidente no serviço de transporte por metrô?,Impostos e Taxas - Taxa de Gerenciamento (Ônibus),Modais de transporte,Receita e Despesa,Metrô,NA,numeric,1,1,1,0,1,0,0
3.3.1.R,Qual o percentual de PIS incidente no serviço de transporte por metrô?,Qual o percentual de PIS incidente no serviço de transporte por metrô?,Impostos e Taxas - PIS (Ônibus),Modais de transporte,Receita e Despesa,Metrô,NA,numeric,1,1,1,0,1,0,0
3.3.1.S,Qual o percentual de Cofins incidente no serviço de transporte por metrô?,Qual o percentual de Cofins incidente no serviço de transporte por metrô?,Impostos e Taxas - Cofins (Ônibus),Modais de transporte,Receita e Despesa,Metrô,NA,numeric,1,1,1,0,1,0,0
3.3.1.T,Qual o percentual de outros impostos incidentes no serviço de transporte por metrô?,Qual o percentual de outros impostos incidentes no serviço de transporte por metrô?,Impostos e Taxas - Alíquota Outros Impostos (Ônibus),Modais de transporte,Receita e Despesa,Metrô,NA,numeric,1,1,1,0,1,0,0
3.3.1.U,Quais outros impostos incidem no serviço de transporte por metrô?,Quais outros impostos incidem no serviço de transporte por metrô?,Impostos e Taxas - Outros Impostos (Ônibus),Modais de transporte,Receita e Despesa,Metrô,NA,numeric,1,1,1,0,0,1,0
3.3.1.V,Quais os impostos incidentes no serviço de transporte por trem?,Quais os impostos incidentes no serviço de transporte por trem?,Impostos Incidentes (Ônibus),Modais de transporte,Receita e Despesa,Trem,NA,numeric,1,1,1,0,0,1,0
3.3.1.W,Qual o percentual de ISS incidente no serviço de transporte por trem?,Qual o percentual de ISS incidente no serviço de transporte por trem?,Impostos e taxas - Alíquota ISS (Ônibus),Modais de transporte,Receita e Despesa,Trem,NA,numeric,1,1,1,0,1,0,0
3.3.1.X,Qual o percentual de Taxa de Gerenciamento incidente no serviço de transporte por trem?,Qual o percentual de Taxa de Gerenciamento incidente no serviço de transporte por trem?,Impostos e Taxas - Taxa de Gerenciamento (Ônibus),Modais de transporte,Receita e Despesa,Trem,NA,numeric,1,1,1,0,1,0,0
3.3.1.Y,Qual o percentual de PIS incidente no serviço de transporte por trem?,Qual o percentual de PIS incidente no serviço de transporte por trem?,Impostos e Taxas - PIS (Ônibus),Modais de transporte,Receita e Despesa,Trem,NA,numeric,1,1,1,0,1,0,0
3.3.1.Z,Qual o percentual de Cofins incidente no serviço de transporte por trem?,Qual o percentual de Cofins incidente no serviço de transporte por trem?,Impostos e Taxas - Cofins (Ônibus),Modais de transporte,Receita e Despesa,Trem,NA,numeric,1,1,1,0,1,0,0
3.3.1.AA,Qual o percentual de outros impostos incidentes no serviço de transporte por trem?,Qual o percentual de outros impostos incidentes no serviço de transporte por trem?,Impostos e Taxas - Alíquota Outros Impostos (Ônibus),Modais de transporte,Receita e Despesa,Trem,NA,numeric,1,1,1,0,1,0,0
3.3.1.AB,Quais outros impostos incidem no serviço de transporte por trem?,Quais outros impostos incidem no serviço de transporte por trem?,Impostos e Taxas - Outros Impostos (Ônibus),Modais de transporte,Receita e Despesa,Trem,NA,numeric,1,1,1,0,0,1,0
3.3.1.AC,Quais os impostos incidentes no serviço de transporte por barco?,Quais os impostos incidentes no serviço de transporte por barco?,Impostos Incidentes (Ônibus),Modais de transporte,Receita e Despesa,Barco,NA,numeric,1,1,1,0,0,1,1
3.3.1.AD,Qual o percentual de ISS incidente no serviço de transporte por barco?,Qual o percentual de ISS incidente no serviço de transporte por barco?,Impostos e taxas - Alíquota ISS (Ônibus),Modais de transporte,Receita e Despesa,Barco,NA,numeric,1,1,1,0,1,0,0
3.3.1.AE,Qual o percentual de Taxa de Gerenciamento incidente no serviço de transporte por barco?,Qual o percentual de Taxa de Gerenciamento incidente no serviço de transporte por barco?,Impostos e Taxas - Taxa de Gerenciamento (Ônibus),Modais de transporte,Receita e Despesa,Barco,NA,numeric,1,1,1,0,1,0,0
3.3.1.AF,Qual o percentual de PIS incidente no serviço de transporte por barco?,Qual o percentual de PIS incidente no serviço de transporte por barco?,Impostos e Taxas - PIS (Ônibus),Modais de transporte,Receita e Despesa,Barco,NA,numeric,1,1,1,0,1,0,0
3.3.1.AG,Qual o percentual de Cofins incidente no serviço de transporte por barco?,Qual o percentual de Cofins incidente no serviço de transporte por barco?,Impostos e Taxas - Cofins (Ônibus),Modais de transporte,Receita e Despesa,Barco,NA,numeric,1,1,1,0,1,0,0
3.3.1.AH,Qual o percentual de outros impostos incidentes no serviço de transporte por barco?,Qual o percentual de outros impostos incidentes no serviço de transporte por barco?,Impostos e Taxas - Alíquota Outros Impostos (Ônibus),Modais de transporte,Receita e Despesa,Barco,NA,numeric,1,1,1,0,1,0,0
3.3.1.AI,Quais outros impostos incidem no serviço de transporte por barco?,Quais outros impostos incidem no serviço de transporte por barco?,Impostos e Taxas - Outros Impostos (Ônibus),Modais de transporte,Receita e Despesa,Barco,NA,numeric,1,1,1,0,0,1,0
3.3.1.AJ,Quais os impostos incidentes no serviço de transporte por VLT?,Quais os impostos incidentes no serviço de transporte por VLT?,Impostos Incidentes (Ônibus),Modais de transporte,Receita e Despesa,VLT,NA,numeric,1,1,1,0,0,1,0
3.3.1.AK,Qual o percentual de ISS incidente no serviço de transporte por VLT?,Qual o percentual de ISS incidente no serviço de transporte por VLT?,Impostos e taxas - Alíquota ISS (Ônibus),Modais de transporte,Receita e Despesa,VLT,NA,numeric,1,1,1,0,1,0,0
3.3.1.AL,Qual o percentual de Taxa de Gerenciamento incidente no serviço de transporte por VLT?,Qual o percentual de Taxa de Gerenciamento incidente no serviço de transporte por VLT?,Impostos e Taxas - Taxa de Gerenciamento (Ônibus),Modais de transporte,Receita e Despesa,VLT,NA,numeric,1,1,1,0,1,0,0
3.3.1.AM,Qual o percentual de PIS incidente no serviço de transporte por VLT?,Qual o percentual de PIS incidente no serviço de transporte por VLT?,Impostos e Taxas - PIS (Ônibus),Modais de transporte,Receita e Despesa,VLT,NA,numeric,1,1,1,0,1,0,0
3.3.1.AN,Qual o percentual de Cofins incidente no serviço de transporte por VLT?,Qual o percentual de Cofins incidente no serviço de transporte por VLT?,Impostos e Taxas - Cofins (Ônibus),Modais de transporte,Receita e Despesa,VLT,NA,numeric,1,1,1,0,1,0,0
3.3.1.AO,Qual o percentual de outros impostos incidentes no serviço de transporte por VLT?,Qual o percentual de outros impostos incidentes no serviço de transporte por VLT?,Impostos e Taxas - Alíquota Outros Impostos (Ônibus),Modais de transporte,Receita e Despesa,VLT,NA,numeric,1,1,1,0,1,0,0
3.3.1.AP,Quais outros impostos incidem no serviço de transporte por VLT?,Quais outros impostos incidem no serviço de transporte por VLT?,Impostos e Taxas - Outros Impostos (Ônibus),Modais de transporte,Receita e Despesa,VLT,NA,numeric,1,1,1,0,0,1,0
3.3.1.AQ,Quais os impostos incidentes no serviço de transporte por monotrilho?,Quais os impostos incidentes no serviço de transporte por monotrilho?,Impostos Incidentes (Ônibus),Modais de transporte,Receita e Despesa,Monotrilho,NA,numeric,1,1,1,0,0,1,0
3.3.1.AR,Qual o percentual de ISS incidente no serviço de transporte por monotrilho?,Qual o percentual de ISS incidente no serviço de transporte por monotrilho?,Impostos e taxas - Alíquota ISS (Ônibus),Modais de transporte,Receita e Despesa,Monotrilho,NA,numeric,1,1,1,0,1,0,0
3.3.1.AS,Qual o percentual de Taxa de Gerenciamento incidente no serviço de transporte por monotrilho?,Qual o percentual de Taxa de Gerenciamento incidente no serviço de transporte por monotrilho?,Impostos e Taxas - Taxa de Gerenciamento (Ônibus),Modais de transporte,Receita e Despesa,Monotrilho,NA,numeric,1,1,1,0,1,0,0
3.3.1.AT,Qual o percentual de PIS incidente no serviço de transporte por monotrilho?,Qual o percentual de PIS incidente no serviço de transporte por monotrilho?,Impostos e Taxas - PIS (Ônibus),Modais de transporte,Receita e Despesa,Monotrilho,NA,numeric,1,1,1,0,1,0,0
3.3.1.AU,Qual o percentual de Cofins incidente no serviço de transporte por monotrilho?,Qual o percentual de Cofins incidente no serviço de transporte por monotrilho?,Impostos e Taxas - Cofins (Ônibus),Modais de transporte,Receita e Despesa,Monotrilho,NA,numeric,1,1,1,0,1,0,0
3.3.1.AV,Qual o percentual de outros impostos incidentes no serviço de transporte por monotrilho?,Qual o percentual de outros impostos incidentes no serviço de transporte por monotrilho?,Impostos e Taxas - Alíquota Outros Impostos (Ônibus),Modais de transporte,Receita e Despesa,Monotrilho,NA,numeric,1,1,1,0,1,0,0
3.3.1.AW,Quais outros impostos incidem no serviço de transporte por monotrilho?,Quais outros impostos incidem no serviço de transporte por monotrilho?,Impostos e Taxas - Outros Impostos (Ônibus),Modais de transporte,Receita e Despesa,Monotrilho,NA,numeric,1,1,1,0,0,1,0
3.3.1.AX,Quais os impostos incidentes no serviço de transporte por aeromóvel?,Quais os impostos incidentes no serviço de transporte por aeromóvel?,Impostos Incidentes (Ônibus),Modais de transporte,Receita e Despesa,Aeromóvel,NA,numeric,1,1,1,0,0,1,0
3.3.1.AY,Qual o percentual de ISS incidente no serviço de transporte por aeromóvel?,Qual o percentual de ISS incidente no serviço de transporte por aeromóvel?,Impostos e taxas - Alíquota ISS (Ônibus),Modais de transporte,Receita e Despesa,Aeromóvel,NA,numeric,1,1,1,0,1,0,0
3.3.1.AZ,Qual o percentual de Taxa de Gerenciamento incidente no serviço de transporte por aeromóvel?,Qual o percentual de Taxa de Gerenciamento incidente no serviço de transporte por aeromóvel?,Impostos e Taxas - Taxa de Gerenciamento (Ônibus),Modais de transporte,Receita e Despesa,Aeromóvel,NA,numeric,1,1,1,0,1,0,0
3.3.1.BA,Qual o percentual de PIS incidente no serviço de transporte por aeromóvel?,Qual o percentual de PIS incidente no serviço de transporte por aeromóvel?,Impostos e Taxas - PIS (Ônibus),Modais de transporte,Receita e Despesa,Aeromóvel,NA,numeric,1,1,1,0,1,0,0
3.3.1.BC,Qual o percentual de Cofins incidente no serviço de transporte por aeromóvel?,Qual o percentual de Cofins incidente no serviço de transporte por aeromóvel?,Impostos e Taxas - Cofins (Ônibus),Modais de transporte,Receita e Despesa,Aeromóvel,NA,numeric,1,1,1,0,1,0,0
3.3.1.BD,Qual o percentual de outros impostos incidentes no serviço de transporte por aeromóvel?,Qual o percentual de outros impostos incidentes no serviço de transporte por aeromóvel?,Impostos e Taxas - Alíquota Outros Impostos (Ônibus),Modais de transporte,Receita e Despesa,Aeromóvel,NA,numeric,1,1,1,0,1,0,0
3.3.1.BE,Quais outros impostos incidem no serviço de transporte por aeromóvel?,Quais outros impostos incidem no serviço de transporte por aeromóvel?,Impostos e Taxas - Outros Impostos (Ônibus),Modais de transporte,Receita e Despesa,Aeromóvel,NA,numeric,1,1,1,0,0,1,0
3.4.1.A,Qual o número de passageiros comuns transportados no serviço de transporte por ônibus em 2023?,Qual o número de passageiros comuns transportados no serviço de transporte por ônibus no ano?,Passageiros de Ônibus (Comum),Modais de transporte,Passageiros Transportados,Ônibus,NA,numeric,1,1,1,0,0,1,1
3.4.1.B,Qual o número de passageiros transportados com Vale Transporte no serviço de transporte por ônibus em 2023?,Qual o número de passageiros transportados com Vale Transporte no serviço de transporte por ônibus no ano?,Passageiros de Ônibus (Vale Transporte),Modais de transporte,Passageiros Transportados,Ônibus,NA,numeric,1,1,1,0,0,1,1
3.4.1.C,Qual o número de estudantes transportados no serviço de transporte por ônibus em 2023?,Qual o número de estudantes transportados no serviço de transporte por ônibus no ano?,Passageiros de Ônibus (Estudante),Modais de transporte,Passageiros Transportados,Ônibus,NA,numeric,1,1,1,0,0,1,1
3.4.1.D,Qual o número de passageiros transportados com integração tarifária no serviço de transporte por ônibus em 2023?,Qual o número de passageiros transportados com integração tarifária no serviço de transporte por ônibus no ano?,Passageiros de Ônibus (Integração),Modais de transporte,Passageiros Transportados,Ônibus,NA,numeric,1,1,1,0,0,1,1
3.4.1.E,Qual o número de gratuidades no serviço de transporte por ônibus em 2023?,Qual o número de gratuidades no serviço de transporte por ônibus no ano?,Passageiros de Ônibus (Gratuidade),Modais de transporte,Passageiros Transportados,Ônibus,NA,numeric,1,1,1,0,0,1,1
3.4.1.F,Qual o número de passageiros equivalentes transportados no serviço de transporte por ônibus em 2023?,Qual o número de passageiros equivalentes transportados no serviço de transporte por ônibus no ano?,Passageiros de Ônibus (Equivalentes),Modais de transporte,Passageiros Transportados,Ônibus,NA,numeric,1,1,1,0,0,1,1
3.4.1.G,Qual o número de passageiros comuns transportados no serviço de transporte por vans/microônibus em 2023?,Qual o número de passageiros comuns transportados no serviço de transporte por vans/microônibus no ano?,Passageiros de Ônibus (Comum),Modais de transporte,Passageiros Transportados,Microônibus,NA,numeric,1,1,1,0,0,1,1
3.4.1.H,Qual o número de passageiros transportados com Vale Transporte no serviço de transporte por vans/microônibus em 2023?,Qual o número de passageiros transportados com Vale Transporte no serviço de transporte por vans/microônibus no ano?,Passageiros de Ônibus (Vale Transporte),Modais de transporte,Passageiros Transportados,Microônibus,NA,numeric,1,1,1,0,0,1,1
3.4.1.I,Qual o número de estudantes transportados no serviço de transporte por vans/microônibus em 2023?,Qual o número de estudantes transportados no serviço de transporte por vans/microônibus no ano?,Passageiros de Ônibus (Estudante),Modais de transporte,Passageiros Transportados,Microônibus,NA,numeric,1,1,1,0,0,1,1
3.4.1.J,Qual o número de passageiros transportados com integração tarifária no serviço de transporte por vans/microônibus em 2023?,Qual o número de passageiros transportados com integração tarifária no serviço de transporte por vans/microônibus no ano?,Passageiros de Ônibus (Integração),Modais de transporte,Passageiros Transportados,Microônibus,NA,numeric,1,1,1,0,0,1,1
3.4.1.K,Qual o número de gratuidades no serviço de transporte por vans/microônibus em 2023?,Qual o número de gratuidades no serviço de transporte por vans/microônibus no ano?,Passageiros de Ônibus (Gratuidade),Modais de transporte,Passageiros Transportados,Microônibus,NA,numeric,1,1,1,0,0,1,1
3.4.1.L,Qual o número de passageiros equivalentes transportados no serviço de transporte por vans/microônibus em 2023?,Qual o número de passageiros equivalentes transportados no serviço de transporte por vans/microônibus no ano?,Passageiros de Ônibus (Equivalentes),Modais de transporte,Passageiros Transportados,Microônibus,NA,numeric,1,1,1,0,0,1,1
3.4.1.M,Qual o número de passageiros comuns transportados no serviço de transporte por metrô em 2023?,Qual o número de passageiros comuns transportados no serviço de transporte por metrô no ano?,Passageiros de Ônibus (Comum),Modais de transporte,Passageiros Transportados,Metrô,NA,numeric,1,1,1,0,0,1,1
3.4.1.N,Qual o número de passageiros transportados com Vale Transporte no serviço de transporte por metrô em 2023?,Qual o número de passageiros transportados com Vale Transporte no serviço de transporte por metrô no ano?,Passageiros de Ônibus (Vale Transporte),Modais de transporte,Passageiros Transportados,Metrô,NA,numeric,1,1,1,0,0,1,1
3.4.1.O,Qual o número de estudantes transportados no serviço de transporte por metrô em 2023?,Qual o número de estudantes transportados no serviço de transporte por metrô no ano?,Passageiros de Ônibus (Estudante),Modais de transporte,Passageiros Transportados,Metrô,NA,numeric,1,1,1,0,0,1,1
3.4.1.P,Qual o número de passageiros transportados com integração tarifária no serviço de transporte por metrô em 2023?,Qual o número de passageiros transportados com integração tarifária no serviço de transporte por metrô no ano?,Passageiros de Ônibus (Integração),Modais de transporte,Passageiros Transportados,Metrô,NA,numeric,1,1,1,0,0,1,1
3.4.1.Q,Qual o número de gratuidades no serviço de transporte por metrô em 2023?,Qual o número de gratuidades no serviço de transporte por metrô no ano?,Passageiros de Ônibus (Gratuidade),Modais de transporte,Passageiros Transportados,Metrô,NA,numeric,1,1,1,0,0,1,1
3.4.1.R,Qual o número de passageiros equivalentes transportados no serviço de transporte por metrô em 2023?,Qual o número de passageiros equivalentes transportados no serviço de transporte por metrô no ano?,Passageiros de Ônibus (Equivalentes),Modais de transporte,Passageiros Transportados,Metrô,NA,numeric,1,1,1,0,0,1,1
3.4.1.S,Qual o número de passageiros comuns transportados no serviço de transporte por trem em 2023?,Qual o número de passageiros comuns transportados no serviço de transporte por trem no ano?,Passageiros de Ônibus (Comum),Modais de transporte,Passageiros Transportados,Trem,NA,numeric,1,1,1,0,0,1,0
3.4.1.T,Qual o número de passageiros transportados com Vale Transporte no serviço de transporte por trem em 2023?,Qual o número de passageiros transportados com Vale Transporte no serviço de transporte por trem no ano?,Passageiros de Ônibus (Vale Transporte),Modais de transporte,Passageiros Transportados,Trem,NA,numeric,1,1,1,0,0,1,0
3.4.1.U,Qual o número de estudantes transportados no serviço de transporte por trem em 2023?,Qual o número de estudantes transportados no serviço de transporte por trem no ano?,Passageiros de Ônibus (Estudante),Modais de transporte,Passageiros Transportados,Trem,NA,numeric,1,1,1,0,0,1,0
3.4.1.V,Qual o número de passageiros transportados com integração tarifária no serviço de transporte por trem em 2023?,Qual o número de passageiros transportados com integração tarifária no serviço de transporte por trem no ano?,Passageiros de Ônibus (Integração),Modais de transporte,Passageiros Transportados,Trem,NA,numeric,1,1,1,0,0,1,0
3.4.1.W,Qual o número de gratuidades no serviço de transporte por trem em 2023?,Qual o número de gratuidades no serviço de transporte por trem no ano?,Passageiros de Ônibus (Gratuidade),Modais de transporte,Passageiros Transportados,Trem,NA,numeric,1,1,1,0,0,1,0
3.4.1.X,Qual o número de passageiros equivalentes transportados no serviço de transporte por trem em 2023?,Qual o número de passageiros equivalentes transportados no serviço de transporte por trem no ano?,Passageiros de Ônibus (Equivalentes),Modais de transporte,Passageiros Transportados,Trem,NA,numeric,1,1,1,0,0,1,0
3.4.1.Y,Qual o número de passageiros comuns transportados no serviço de transporte por barco em 2023?,Qual o número de passageiros comuns transportados no serviço de transporte por barco no ano?,Passageiros de Ônibus (Comum),Modais de transporte,Passageiros Transportados,Barco,NA,numeric,1,1,1,0,0,1,1
3.4.1.Z,Qual o número de passageiros transportados com Vale Transporte no serviço de transporte por barco em 2023?,Qual o número de passageiros transportados com Vale Transporte no serviço de transporte por barco no ano?,Passageiros de Ônibus (Vale Transporte),Modais de transporte,Passageiros Transportados,Barco,NA,numeric,1,1,1,0,0,1,0
3.4.1.AA,Qual o número de estudantes transportados no serviço de transporte por barco em 2023?,Qual o número de estudantes transportados no serviço de transporte por barco no ano?,Passageiros de Ônibus (Estudante),Modais de transporte,Passageiros Transportados,Barco,NA,numeric,1,1,1,0,0,1,1
3.4.1.AB,Qual o número de passageiros transportados com integração tarifária no serviço de transporte por barco em 2023?,Qual o número de passageiros transportados com integração tarifária no serviço de transporte por barco no ano?,Passageiros de Ônibus (Integração),Modais de transporte,Passageiros Transportados,Barco,NA,numeric,1,1,1,0,0,1,0
3.4.1.AC,Qual o número de gratuidades no serviço de transporte por barco em 2023?,Qual o número de gratuidades no serviço de transporte por barco no ano?,Passageiros de Ônibus (Gratuidade),Modais de transporte,Passageiros Transportados,Barco,NA,numeric,1,1,1,0,0,1,1
3.4.1.AD,Qual o número de passageiros equivalentes transportados no serviço de transporte por barco em 2023?,Qual o número de passageiros equivalentes transportados no serviço de transporte por barco no ano?,Passageiros de Ônibus (Equivalentes),Modais de transporte,Passageiros Transportados,Barco,NA,numeric,1,1,1,0,0,1,1
3.4.1.AE,Qual o número de passageiros comuns transportados no serviço de transporte por VLT em 2023?,Qual o número de passageiros comuns transportados no serviço de transporte por VLT no ano?,Passageiros de Ônibus (Comum),Modais de transporte,Passageiros Transportados,VLT,NA,numeric,1,1,1,0,0,1,0
3.4.1.AF,Qual o número de passageiros transportados com Vale Transporte no serviço de transporte por VLT em 2023?,Qual o número de passageiros transportados com Vale Transporte no serviço de transporte por VLT no ano?,Passageiros de Ônibus (Vale Transporte),Modais de transporte,Passageiros Transportados,VLT,NA,numeric,1,1,1,0,0,1,0
3.4.1.AG,Qual o número de estudantes transportados no serviço de transporte por VLT em 2023?,Qual o número de estudantes transportados no serviço de transporte por VLT no ano?,Passageiros de Ônibus (Estudante),Modais de transporte,Passageiros Transportados,VLT,NA,numeric,1,1,1,0,0,1,0
3.4.1.AH,Qual o número de passageiros transportados com integração tarifária no serviço de transporte por VLT em 2023?,Qual o número de passageiros transportados com integração tarifária no serviço de transporte por VLT no ano?,Passageiros de Ônibus (Integração),Modais de transporte,Passageiros Transportados,VLT,NA,numeric,1,1,1,0,0,1,0
3.4.1.AI,Qual o número de gratuidades no serviço de transporte por VLT em 2023?,Qual o número de gratuidades no serviço de transporte por VLT no ano?,Passageiros de Ônibus (Gratuidade),Modais de transporte,Passageiros Transportados,VLT,NA,numeric,1,1,1,0,0,1,0
3.4.1.AJ,Qual o número de passageiros equivalentes transportados no serviço de transporte por VLT em 2023?,Qual o número de passageiros equivalentes transportados no serviço de transporte por VLT no ano?,Passageiros de Ônibus (Equivalentes),Modais de transporte,Passageiros Transportados,VLT,NA,numeric,1,1,1,0,0,1,0
3.4.1.AK,Qual o número de passageiros comuns transportados no serviço de transporte por monotrilho em 2023?,Qual o número de passageiros comuns transportados no serviço de transporte por monotrilho no ano?,Passageiros de Ônibus (Comum),Modais de transporte,Passageiros Transportados,Monotrilho,NA,numeric,1,1,1,0,0,1,0
3.4.1.AL,Qual o número de passageiros transportados com Vale Transporte no serviço de transporte por monotrilho em 2023?,Qual o número de passageiros transportados com Vale Transporte no serviço de transporte por monotrilho no ano?,Passageiros de Ônibus (Vale Transporte),Modais de transporte,Passageiros Transportados,Monotrilho,NA,numeric,1,1,1,0,0,1,0
3.4.1.AM,Qual o número de estudantes transportados no serviço de transporte por monotrilho em 2023?,Qual o número de estudantes transportados no serviço de transporte por monotrilho no ano?,Passageiros de Ônibus (Estudante),Modais de transporte,Passageiros Transportados,Monotrilho,NA,numeric,1,1,1,0,0,1,0
3.4.1.AN,Qual o número de passageiros transportados com integração tarifária no serviço de transporte por monotrilho em 2023?,Qual o número de passageiros transportados com integração tarifária no serviço de transporte por monotrilho no ano?,Passageiros de Ônibus (Integração),Modais de transporte,Passageiros Transportados,Monotrilho,NA,numeric,1,1,1,0,0,1,0
3.4.1.AO,Qual o número de gratuidades no serviço de transporte por monotrilho em 2023?,Qual o número de gratuidades no serviço de transporte por monotrilho no ano?,Passageiros de Ônibus (Gratuidade),Modais de transporte,Passageiros Transportados,Monotrilho,NA,numeric,1,1,1,0,0,1,0
3.4.1.AP,Qual o número de passageiros equivalentes transportados no serviço de transporte por monotrilho em 2023?,Qual o número de passageiros equivalentes transportados no serviço de transporte por monotrilho no ano?,Passageiros de Ônibus (Equivalentes),Modais de transporte,Passageiros Transportados,Monotrilho,NA,numeric,1,1,1,0,0,1,0
3.4.1.AQ,Qual o número de passageiros comuns transportados no serviço de transporte por aeromóvel em 2023?,Qual o número de passageiros comuns transportados no serviço de transporte por aeromóvel no ano?,Passageiros de Ônibus (Comum),Modais de transporte,Passageiros Transportados,Aeromóvel,NA,numeric,1,1,1,0,0,1,0
3.4.1.AR,Qual o número de passageiros transportados com Vale Transporte no serviço de transporte por aeromóvel em 2023?,Qual o número de passageiros transportados com Vale Transporte no serviço de transporte por aeromóvel no ano?,Passageiros de Ônibus (Vale Transporte),Modais de transporte,Passageiros Transportados,Aeromóvel,NA,numeric,1,1,1,0,0,1,0
3.4.1.AS,Qual o número de estudantes transportados no serviço de transporte por aeromóvel em 2023?,Qual o número de estudantes transportados no serviço de transporte por aeromóvel no ano?,Passageiros de Ônibus (Estudante),Modais de transporte,Passageiros Transportados,Aeromóvel,NA,numeric,1,1,1,0,0,1,0
3.4.1.AT,Qual o número de passageiros transportados com integração tarifária no serviço de transporte por aeromóvel em 2023?,Qual o número de passageiros transportados com integração tarifária no serviço de transporte por aeromóvel no ano?,Passageiros de Ônibus (Integração),Modais de transporte,Passageiros Transportados,Aeromóvel,NA,numeric,1,1,1,0,0,1,0
3.4.1.AU,Qual o número de gratuidades no serviço de transporte por aeromóvel em 2023?,Qual o número de gratuidades no serviço de transporte por aeromóvel no ano?,Passageiros de Ônibus (Gratuidade),Modais de transporte,Passageiros Transportados,Aeromóvel,NA,numeric,1,1,1,0,0,1,0
3.4.1.AV,Qual o número de passageiros equivalentes transportados no serviço de transporte por aeromóvel em 2023?,Qual o número de passageiros equivalentes transportados no serviço de transporte por aeromóvel no ano?,Passageiros de Ônibus (Equivalentes),Modais de transporte,Passageiros Transportados,Aeromóvel,NA,numeric,1,1,1,0,0,1,0
3.5.1,Quais categorias de passageiros recebem desconto no valor da tarifa do serviço de transporte público no município?,Quais categorias de passageiros recebem desconto no valor da tarifa do serviço de transporte público no município?,Categorias Desconto,Modais de transporte,Receita e Despesa,NA,NA,text,0,0,0,0,0,0,1
3.5.1.A,Qual o percentual de desconto sobre a valor da tarifa pago pelos passageiros de baixa renda?,Qual o percentual de desconto sobre a valor da tarifa pago pelos passageiros de baixa renda?,Baixa Renda - Percentual de Desconto,Modais de transporte,Receita e Despesa,NA,NA,numeric,0,0,0,0,1,0,1
3.5.1.AA,Qual a renda máxima das pessoas de baixa renda que recebem desconto na no valor da tarifa? (Em salários mínimos),Qual a renda máxima das pessoas de baixa renda que recebem desconto na no valor da tarifa? (Em salários mínimos),Baixa Renda - Classificação,Modais de transporte,Receita e Despesa,NA,NA,numeric,0,0,0,0,0,1,1
3.5.1.B,Qual o percentual de desconto sobre a valor da tarifa pago pelos passageiros com idade de 60 a 64 anos?,Qual o percentual de desconto sobre a valor da tarifa pago pelos passageiros com idade de 60 a 64 anos?,Idosos - Tarifa Paga,Modais de transporte,Receita e Despesa,NA,NA,numeric,0,0,0,0,1,0,1
3.5.1.C,Qual o percentual de desconto sobre a valor da tarifa pago pelos passageiros com deficiência e mobilidade reduzida?,Qual o percentual de desconto sobre a valor da tarifa pago pelos passageiros com deficiência e mobilidade reduzida?,Deficientes - Tarifa Paga,Modais de transporte,Receita e Despesa,NA,NA,numeric,0,0,0,0,1,0,1
3.5.1.D,Qual o percentual de desconto sobre a valor da tarifa pago pelos estudantes da rede pública de ensino?,Qual o percentual de desconto sobre a valor da tarifa pago pelos estudantes da rede pública de ensino?,Estudantes de Rede Pública - Percentual de Desconto,Modais de transporte,Receita e Despesa,NA,NA,numeric,0,0,0,0,1,0,1
3.5.1.E,Qual o percentual de desconto sobre a valor da tarifa pago pelos estudantes da rede privada de ensino?,Qual o percentual de desconto sobre a valor da tarifa pago pelos estudantes da rede privada de ensino?,Estudantes de Rede Privada - Percentual de Desconto,Modais de transporte,Receita e Despesa,NA,NA,numeric,0,0,0,0,1,0,1
3.6.1.A,Qual o valor da Bandeirada do transporte público individual (táxi) no município?,Qual o valor da Bandeirada do transporte público individual (táxi) no município?,Táxi - Valor da Bandeirada,Modais de transporte,Receita e Despesa,Táxi,NA,numeric,1,1,0,0,0,1,1
3.6.1.B,"Qual o valor da Bandeirada 1 do serviço de táxi, por quilômetro rodado, se houver?","Qual o valor da Bandeirada 1 do serviço de táxi, por quilômetro rodado, se houver?",Táxi - Valor da Bandeirada 1,Modais de transporte,Receita e Despesa,Táxi,NA,numeric,0,0,0,0,0,1,1
3.6.1.C,"Qual o valor da Bandeirada 2 do serviço de táxi, por quilômetro rodado, se houver?","Qual o valor da Bandeirada 2 do serviço de táxi, por quilômetro rodado, se houver?",Táxi - Valor da Bandeirada 2,Modais de transporte,Receita e Despesa,Táxi,NA,numeric,0,0,NA,0,0,1,1
3.6.1.D,"Qual o valor do serviço de táxi, por hora parada, se houver?","Qual o valor do serviço de táxi, por hora parada, se houver?",Táxi - Valor Hora Parada,Modais de transporte,Receita e Despesa,Táxi,NA,numeric,1,1,0,0,0,1,1
3.6.1.E,"Qual o valor da tarifa aeroporto do serviço de táxi, se houver?","Qual o valor da tarifa aeroporto do serviço de táxi, se houver?",Táxi - Valor Tarifa Aeroporto,Modais de transporte,Receita e Despesa,Táxi,NA,numeric,1,1,0,0,0,1,1
3.6.1.F,"Qual o valor da Bandeirada do serviço de mototáxi no município, se houver?","Qual o valor da Bandeirada do serviço de mototáxi no município, se houver?",Táxi - Valor da Bandeirada,Modais de transporte,Receita e Despesa,Mototáxi,NA,numeric,1,1,0,0,0,1,1
3.6.1.G,"Qual o valor da Bandeirada 1 do serviço de mototáxi, por quilômetro rodado, se houver?","Qual o valor da Bandeirada 1 do serviço de mototáxi, por quilômetro rodado, se houver?",Táxi - Valor da Bandeirada 1,Modais de transporte,Receita e Despesa,Mototáxi,NA,numeric,0,0,0,0,0,1,1
3.6.1.H,"Qual o valor da Bandeirada 2 do serviço de mototáxi, por quilômetro rodado, se houver?","Qual o valor da Bandeirada 2 do serviço de mototáxi, por quilômetro rodado, se houver?",Táxi - Valor da Bandeirada 2,Modais de transporte,Receita e Despesa,Mototáxi,NA,numeric,0,0,0,0,0,1,1
3.6.1.I,"Qual o valor do serviço de mototáxi, por hora parada, se houver?","Qual o valor do serviço de mototáxi, por hora parada, se houver?",Táxi - Valor Hora Parada,Modais de transporte,Receita e Despesa,Mototáxi,NA,numeric,1,1,0,0,0,1,1
3.6.1.J,"Qual o valor da tarifa aeroporto do serviço de mototáxi, se houver?","Qual o valor da tarifa aeroporto do serviço de mototáxi, se houver?",Táxi - Valor Tarifa Aeroporto,Modais de transporte,Receita e Despesa,Mototáxi,NA,numeric,1,1,0,0,0,1,1
3.7.1,É utilizada planilha de custos para reajuste ou revisão da tarifa do serviço de ônibus no município?,É utilizada planilha de custos para reajuste ou revisão da tarifa do serviço de ônibus no município?,Planilha de Custos para Revisão (Ônibus),Modais de transporte,Receita e Despesa,Ônibus,NA,binary,0,0,0,0,0,0,1
3.7.1.A,Mão de obra 1 (operação) diz respeito a qual percentual da planilha de custos do serviço por ônibus?,Mão de obra 1 (operação) diz respeito a qual percentual da planilha de custos do serviço por ônibus?,Percentual dos Custos - Operação (Ônibus),Modais de transporte,Receita e Despesa,Ônibus,NA,numeric,1,1,1,0,1,0,1
3.7.1.B,Mão de obra 2 (administrativo) diz respeito a qual percentual da planilha de custos do serviço por ônibus?,Mão de obra 2 (administrativo) diz respeito a qual percentual da planilha de custos do serviço por ônibus?,Percentual dos Custos - Administrativo (Ônibus),Modais de transporte,Receita e Despesa,Ônibus,NA,numeric,1,1,1,0,1,0,1
3.7.1.C,Combustíveis dizem respeito a qual percentual da planilha de custos do serviço por ônibus?,Combustíveis dizem respeito a qual percentual da planilha de custos do serviço por ônibus?,Percentual dos Custos - Combustível (Ônibus),Modais de transporte,Receita e Despesa,Ônibus,NA,numeric,1,1,1,0,1,0,1
3.7.1.D,Depreciação de veículos diz respeito a qual percentual da planilha de custos do serviço por ônibus?,Depreciação de veículos diz respeito a qual percentual da planilha de custos do serviço por ônibus?,Percentual dos Custos - Depreciação (Ônibus),Modais de transporte,Receita e Despesa,Ônibus,NA,numeric,1,1,1,0,1,0,1
3.7.1.E,Remuneração pela prestação do serviço diz respeito a qual percentual da planilha de custos do serviço por ônibus?,Remuneração pela prestação do serviço diz respeito a qual percentual da planilha de custos do serviço por ônibus?,Percentual dos Custos - Remuneração pelo Serviço Prestado (Ônibus),Modais de transporte,Receita e Despesa,Ônibus,NA,numeric,1,1,1,0,1,0,1
3.7.1.F,"Peças, acessórios e material de rodagem dizem respeito a qual percentual da planilha de custos do serviço por ônibus?","Peças, acessórios e material de rodagem dizem respeito a qual percentual da planilha de custos do serviço por ônibus?","Percentual dos Custos - Peças, acessórios e material de rodagem (Ônibus)",Modais de transporte,Receita e Despesa,Ônibus,NA,numeric,1,1,1,0,1,0,1
3.7.1.G,Impostos e tributação dizem respeito a qual percentual da planilha de custos do serviço por ônibus?,Impostos e tributação dizem respeito a qual percentual da planilha de custos do serviço por ônibus?,Percentual dos Custos - Impostos e Tributação (Ônibus),Modais de transporte,Receita e Despesa,Ônibus,NA,numeric,1,1,1,0,1,0,1
3.7.1.H,Despesas administrativas dizem respeito a qual percentual da planilha de custos do serviço por ônibus?,Despesas administrativas dizem respeito a qual percentual da planilha de custos do serviço por ônibus?,Percentual dos Custos - Despesas Administrativas (Ônibus),Modais de transporte,Receita e Despesa,Ônibus,NA,numeric,1,1,1,0,1,0,1
3.7.1.I,Outros insumos dizem respeito a qual percentual da planilha de custos do serviço por ônibus?,Outros insumos dizem respeito a qual percentual da planilha de custos do serviço por ônibus?,Percentual dos Custos - Outros insumos (Ônibus),Modais de transporte,Receita e Despesa,Ônibus,NA,numeric,1,1,1,0,1,0,1
3.7.1.J,"Se houver outros insumos, especificar:","Se houver outros insumos, especificar:",Outros insumos detalhamento (Ônibus),Modais de transporte,Receita e Despesa,Ônibus,NA,numeric,0,1,1,0,0,1,1
3.7.2,É utilizada planilha de custos para reajuste ou revisão da tarifa do serviço de vans/microônibus no município?,É utilizada planilha de custos para reajuste ou revisão da tarifa do serviço de vans/microônibus no município?,Planilha de Custos para Revisão (Ônibus),Modais de transporte,Receita e Despesa,Microônibus,NA,binary,0,0,0,0,0,0,1
3.7.2.A,Mão de obra 1 (operação) diz respeito a qual percentual da planilha de custos do serviço por vans/microônibus?,Mão de obra 1 (operação) diz respeito a qual percentual da planilha de custos do serviço por vans/microônibus?,Percentual dos Custos - Operação (Ônibus),Modais de transporte,Receita e Despesa,Microônibus,NA,numeric,1,1,1,0,1,0,0
3.7.2.B,Mão de obra 2 (administrativo) diz respeito a qual percentual da planilha de custos do serviço por vans/microônibus?,Mão de obra 2 (administrativo) diz respeito a qual percentual da planilha de custos do serviço por vans/microônibus?,Percentual dos Custos - Administrativo (Ônibus),Modais de transporte,Receita e Despesa,Microônibus,NA,numeric,1,1,1,0,1,0,0
3.7.2.C,Combustíveis dizem respeito a qual percentual da planilha de custos do serviço por vans/microônibus?,Combustíveis dizem respeito a qual percentual da planilha de custos do serviço por vans/microônibus?,Percentual dos Custos - Combustível (Ônibus),Modais de transporte,Receita e Despesa,Microônibus,NA,numeric,1,1,1,0,1,0,0
3.7.2.D,Depreciação de veículos diz respeito a qual percentual da planilha de custos do serviço por vans/microônibus?,Depreciação de veículos diz respeito a qual percentual da planilha de custos do serviço por vans/microônibus?,Percentual dos Custos - Depreciação (Ônibus),Modais de transporte,Receita e Despesa,Microônibus,NA,numeric,1,1,1,0,1,0,0
3.7.2.E,Remuneração pela prestação do serviço diz respeito a qual percentual da planilha de custos do serviço por microônibus?,Remuneração pela prestação do serviço diz respeito a qual percentual da planilha de custos do serviço por microônibus?,Percentual dos Custos - Remuneração pelo Serviço Prestado (Ônibus),Modais de transporte,Receita e Despesa,Microônibus,NA,numeric,1,1,1,0,1,0,0
3.7.2.F,"Peças, acessórios e material de rodagem dizem respeito a qual percentual da planilha de custos do serviço por van/microônibus?","Peças, acessórios e material de rodagem dizem respeito a qual percentual da planilha de custos do serviço por van/microônibus?","Percentual dos Custos - Peças, acessórios e material de rodagem (Ônibus)",Modais de transporte,Receita e Despesa,Microônibus,NA,numeric,1,1,1,0,1,0,0
3.7.2.G,Impostos e tributação dizem respeito a qual percentual da planilha de custos do serviço por vans/microônibus?,Impostos e tributação dizem respeito a qual percentual da planilha de custos do serviço por vans/microônibus?,Percentual dos Custos - Impostos e Tributação (Ônibus),Modais de transporte,Receita e Despesa,Microônibus,NA,numeric,1,1,1,0,1,0,0
3.7.2.H,Despesas administrativas dizem respeito a qual percentual da planilha de custos do serviço por vans/microônibus?,Despesas administrativas dizem respeito a qual percentual da planilha de custos do serviço por vans/microônibus?,Percentual dos Custos - Despesas Administrativas (Ônibus),Modais de transporte,Receita e Despesa,Microônibus,NA,numeric,1,1,1,0,1,0,0
3.7.2.I,Outros insumos dizem respeito a qual percentual da planilha de custos do serviço por vans/microônibus?,Outros insumos dizem respeito a qual percentual da planilha de custos do serviço por vans/microônibus?,Percentual dos Custos - Outros insumos (Ônibus),Modais de transporte,Receita e Despesa,Microônibus,NA,numeric,1,1,1,0,1,0,0
3.7.3,É utilizada planilha de custos para reajuste ou revisão da tarifa do serviço de metrô no município?,É utilizada planilha de custos para reajuste ou revisão da tarifa do serviço de metrô no município?,Planilha de Custos para Revisão (Ônibus),Modais de transporte,Receita e Despesa,Metrô,NA,binary,0,0,0,0,0,0,1
3.7.3.A,Mão de obra 1 (operação) diz respeito a qual percentual da planilha de custos do serviço por metrô?,Mão de obra 1 (operação) diz respeito a qual percentual da planilha de custos do serviço por metrô?,Percentual dos Custos - Operação (Ônibus),Modais de transporte,Receita e Despesa,Metrô,NA,numeric,1,1,1,0,1,0,0
3.7.3.B,Mão de obra 2 (administrativo) diz respeito a qual percentual da planilha de custos do serviço por metrô?,Mão de obra 2 (administrativo) diz respeito a qual percentual da planilha de custos do serviço por metrô?,Percentual dos Custos - Administrativo (Ônibus),Modais de transporte,Receita e Despesa,Metrô,NA,numeric,1,1,1,0,1,0,0
3.7.3.C,Combustíveis dizem respeito a qual percentual da planilha de custos do serviço por metrô?,Combustíveis dizem respeito a qual percentual da planilha de custos do serviço por metrô?,Percentual dos Custos - Combustível (Ônibus),Modais de transporte,Receita e Despesa,Metrô,NA,numeric,1,1,1,0,1,0,0
3.7.3.D,Depreciação de veículos diz respeito a qual percentual da planilha de custos do serviço por metrô?,Depreciação de veículos diz respeito a qual percentual da planilha de custos do serviço por metrô?,Percentual dos Custos - Depreciação (Ônibus),Modais de transporte,Receita e Despesa,Metrô,NA,numeric,1,1,1,0,1,0,0
3.7.3.E,Remuneração pela prestação do serviço diz respeito a qual percentual da planilha de custos do serviço por metrô?,Remuneração pela prestação do serviço diz respeito a qual percentual da planilha de custos do serviço por metrô?,Percentual dos Custos - Remuneração pelo Serviço Prestado (Ônibus),Modais de transporte,Receita e Despesa,Metrô,NA,numeric,1,1,1,0,1,0,0
3.7.3.F,"Peças, acessórios e material de rodagem dizem respeito a qual percentual da planilha de custos do serviço por metrô?","Peças, acessórios e material de rodagem dizem respeito a qual percentual da planilha de custos do serviço por metrô?","Percentual dos Custos - Peças, acessórios e material de rodagem (Ônibus)",Modais de transporte,Receita e Despesa,Metrô,NA,numeric,1,1,1,0,1,0,0
3.7.3.G,Impostos e tributação dizem respeito a qual percentual da planilha de custos do serviço por metrô?,Impostos e tributação dizem respeito a qual percentual da planilha de custos do serviço por metrô?,Percentual dos Custos - Impostos e Tributação (Ônibus),Modais de transporte,Receita e Despesa,Metrô,NA,numeric,1,1,1,0,1,0,0
3.7.3.H,Despesas administrativas dizem respeito a qual percentual da planilha de custos do serviço por metrô?,Despesas administrativas dizem respeito a qual percentual da planilha de custos do serviço por metrô?,Percentual dos Custos - Despesas Administrativas (Ônibus),Modais de transporte,Receita e Despesa,Metrô,NA,numeric,1,1,1,0,1,0,0
3.7.3.I,Energia diz respeito a qual percentual da planilha de custos do serviço por metrô?,Energia diz respeito a qual percentual da planilha de custos do serviço por metrô?,Percentual dos Custos - Energia (Ônibus),Modais de transporte,Receita e Despesa,Metrô,NA,numeric,1,1,1,0,1,0,0
3.7.3.J,IPTU diz respeito a qual percentual da planilha de custos do serviço por metrô?,IPTU diz respeito a qual percentual da planilha de custos do serviço por metrô?,Percentual dos Custos - IPTU (Ônibus),Modais de transporte,Receita e Despesa,Metrô,NA,numeric,1,1,1,0,1,0,0
3.7.3.K,Outros insumos dizem respeito a qual percentual da planilha de custos do serviço por metrô?,Outros insumos dizem respeito a qual percentual da planilha de custos do serviço por metrô?,Percentual dos Custos - Outros insumos (Ônibus),Modais de transporte,Receita e Despesa,Metrô,NA,numeric,1,1,1,0,1,0,0
3.7.4,É utilizada planilha de custos para reajuste ou revisão da tarifa do serviço de trem no município?,É utilizada planilha de custos para reajuste ou revisão da tarifa do serviço de trem no município?,Planilha de Custos para Revisão (Ônibus),Modais de transporte,Receita e Despesa,Trem,NA,binary,1,1,1,0,0,0,1
3.7.4.A,Mão de obra 1 (operação) diz respeito a qual percentual da planilha de custos do serviço por trem?,Mão de obra 1 (operação) diz respeito a qual percentual da planilha de custos do serviço por trem?,Percentual dos Custos - Operação (Ônibus),Modais de transporte,Receita e Despesa,Trem,NA,numeric,1,1,1,0,1,0,0
3.7.4.B,Mão de obra 2 (administrativo) diz respeito a qual percentual da planilha de custos do serviço por trem?,Mão de obra 2 (administrativo) diz respeito a qual percentual da planilha de custos do serviço por trem?,Percentual dos Custos - Administrativo (Ônibus),Modais de transporte,Receita e Despesa,Trem,NA,numeric,1,1,1,0,1,0,0
3.7.4.C,Combustíveis dizem respeito a qual percentual da planilha de custos do serviço por trem?,Combustíveis dizem respeito a qual percentual da planilha de custos do serviço por trem?,Percentual dos Custos - Combustível (Ônibus),Modais de transporte,Receita e Despesa,Trem,NA,numeric,1,1,1,0,1,0,0
3.7.4.D,Depreciação de veículos diz respeito a qual percentual da planilha de custos do serviço por trem?,Depreciação de veículos diz respeito a qual percentual da planilha de custos do serviço por trem?,Percentual dos Custos - Depreciação (Ônibus),Modais de transporte,Receita e Despesa,Trem,NA,numeric,1,1,1,0,1,0,0
3.7.4.E,Remuneração pela prestação do serviço diz respeito a qual percentual da planilha de custos do serviço por trem?,Remuneração pela prestação do serviço diz respeito a qual percentual da planilha de custos do serviço por trem?,Percentual dos Custos - Remuneração pelo Serviço Prestado (Ônibus),Modais de transporte,Receita e Despesa,Trem,NA,numeric,1,1,1,0,1,0,0
3.7.4.F,"Peças, acessórios e material de rodagem dizem respeito a qual percentual da planilha de custos do serviço por trem?","Peças, acessórios e material de rodagem dizem respeito a qual percentual da planilha de custos do serviço por trem?","Percentual dos Custos - Peças, acessórios e material de rodagem (Ônibus)",Modais de transporte,Receita e Despesa,Trem,NA,numeric,1,1,1,0,1,0,0
3.7.4.G,Impostos e tributação dizem respeito a qual percentual da planilha de custos do serviço por trem?,Impostos e tributação dizem respeito a qual percentual da planilha de custos do serviço por trem?,Percentual dos Custos - Impostos e Tributação (Ônibus),Modais de transporte,Receita e Despesa,Trem,NA,numeric,1,1,1,0,1,0,0
3.7.4.H,Despesas administrativas dizem respeito a qual percentual da planilha de custos do serviço por trem?,Despesas administrativas dizem respeito a qual percentual da planilha de custos do serviço por trem?,Percentual dos Custos - Despesas Administrativas (Ônibus),Modais de transporte,Receita e Despesa,Trem,NA,numeric,1,1,1,0,1,0,0
3.7.4.I,Energia diz respeito a qual percentual da planilha de custos do serviço por trem?,Energia diz respeito a qual percentual da planilha de custos do serviço por trem?,Percentual dos Custos - Energia (Ônibus),Modais de transporte,Receita e Despesa,Trem,NA,numeric,1,1,1,0,1,0,0
3.7.4.J,IPTU diz respeito a qual percentual da planilha de custos do serviço por trem?,IPTU diz respeito a qual percentual da planilha de custos do serviço por trem?,Percentual dos Custos - IPTU (Ônibus),Modais de transporte,Receita e Despesa,Trem,NA,numeric,1,1,1,0,1,0,0
3.7.4.K,Outros insumos dizem respeito a qual percentual da planilha de custos do serviço por trem?,Outros insumos dizem respeito a qual percentual da planilha de custos do serviço por trem?,Percentual dos Custos - Outros insumos (Ônibus),Modais de transporte,Receita e Despesa,Trem,NA,numeric,1,1,1,0,1,0,0
3.7.5,É utilizada planilha de custos para reajuste ou revisão da tarifa do serviço de barco no município?,É utilizada planilha de custos para reajuste ou revisão da tarifa do serviço de barco no município?,Planilha de Custos para Revisão (Ônibus),Modais de transporte,Receita e Despesa,Barco,NA,binary,0,0,0,0,0,0,1
3.7.5.A,Mão de obra 1 (operação) diz respeito a qual percentual da planilha de custos do serviço por barco?,Mão de obra 1 (operação) diz respeito a qual percentual da planilha de custos do serviço por barco?,Percentual dos Custos - Operação (Ônibus),Modais de transporte,Receita e Despesa,Barco,NA,numeric,1,1,1,0,1,0,0
3.7.5.B,Mão de obra 2 (administrativo) diz respeito a qual percentual da planilha de custos do serviço por barco?,Mão de obra 2 (administrativo) diz respeito a qual percentual da planilha de custos do serviço por barco?,Percentual dos Custos - Administrativo (Ônibus),Modais de transporte,Receita e Despesa,Barco,NA,numeric,1,1,1,0,1,0,0
3.7.5.C,Combustíveis dizem respeito a qual percentual da planilha de custos do serviço por barco?,Combustíveis dizem respeito a qual percentual da planilha de custos do serviço por barco?,Percentual dos Custos - Combustível (Ônibus),Modais de transporte,Receita e Despesa,Barco,NA,numeric,1,1,1,0,1,0,0
3.7.5.D,Depreciação de equipamentos diz respeito a qual percentual da planilha de custos do serviço por barco?,Depreciação de equipamentos diz respeito a qual percentual da planilha de custos do serviço por barco?,Percentual dos Custos - Depreciação (Ônibus),Modais de transporte,Receita e Despesa,Barco,NA,numeric,1,1,1,0,1,0,0
3.7.5.E,Remuneração pela prestação do serviço diz respeito a qual percentual da planilha de custos do serviço por barco?,Remuneração pela prestação do serviço diz respeito a qual percentual da planilha de custos do serviço por barco?,Percentual dos Custos - Remuneração pelo Serviço Prestado (Ônibus),Modais de transporte,Receita e Despesa,Barco,NA,numeric,1,1,1,0,1,0,0
3.7.5.F,"Peças, acessórios e material de rodagem dizem respeito a qual percentual da planilha de custos do serviço por barco?","Peças, acessórios e material de rodagem dizem respeito a qual percentual da planilha de custos do serviço por barco?","Percentual dos Custos - Peças, acessórios e material de rodagem (Ônibus)",Modais de transporte,Receita e Despesa,Barco,NA,numeric,1,1,1,0,1,0,0
3.7.5.G,Impostos dizem respeito a qual percentual da planilha de custos do serviço por barco?,Impostos dizem respeito a qual percentual da planilha de custos do serviço por barco?,Percentual dos Custos - Impostos e Tributação (Ônibus),Modais de transporte,Receita e Despesa,Barco,NA,numeric,1,1,1,0,1,0,0
3.7.5.H,Despesas administrativas dizem respeito a qual percentual da planilha de custos do serviço por barco?,Despesas administrativas dizem respeito a qual percentual da planilha de custos do serviço por barco?,Percentual dos Custos - Despesas Administrativas (Ônibus),Modais de transporte,Receita e Despesa,Barco,NA,numeric,1,1,1,0,1,0,0
3.7.5.I,Outros insumos dizem respeito a qual percentual da planilha de custos do serviço por barco?,Outros insumos dizem respeito a qual percentual da planilha de custos do serviço por barco?,Percentual dos Custos - Outros insumos (Ônibus),Modais de transporte,Receita e Despesa,Barco,NA,numeric,1,1,1,0,1,0,0
3.7.6,É utilizada planilha de custos para reajuste ou revisão da tarifa do serviço de VLT no município?,É utilizada planilha de custos para reajuste ou revisão da tarifa do serviço de VLT no município?,Planilha de Custos para Revisão (Ônibus),Modais de transporte,Receita e Despesa,VLT,NA,binary,0,0,0,0,0,0,1
3.7.6.A,Mão de obra 1 (operação) diz respeito a qual percentual da planilha de custos do serviço por VLT?,Mão de obra 1 (operação) diz respeito a qual percentual da planilha de custos do serviço por VLT?,Percentual dos Custos - Operação (Ônibus),Modais de transporte,Receita e Despesa,VLT,NA,numeric,1,1,1,0,1,0,0
3.7.6.B,Mão de obra 2 (administrativo) diz respeito a qual percentual da planilha de custos do serviço por VLT?,Mão de obra 2 (administrativo) diz respeito a qual percentual da planilha de custos do serviço por VLT?,Percentual dos Custos - Administrativo (Ônibus),Modais de transporte,Receita e Despesa,VLT,NA,numeric,1,1,1,0,1,0,0
3.7.6.C,Combustíveis dizem respeito a qual percentual da planilha de custos do serviço por VLT?,Combustíveis dizem respeito a qual percentual da planilha de custos do serviço por VLT?,Percentual dos Custos - Combustível (Ônibus),Modais de transporte,Receita e Despesa,VLT,NA,numeric,1,1,1,0,1,0,0
3.7.6.D,Depreciação de veículos diz respeito a qual percentual da planilha de custos do serviço por VLT?,Depreciação de veículos diz respeito a qual percentual da planilha de custos do serviço por VLT?,Percentual dos Custos - Depreciação (Ônibus),Modais de transporte,Receita e Despesa,VLT,NA,numeric,1,1,1,0,1,0,0
3.7.6.E,Remuneração pela prestação do serviço diz respeito a qual percentual da planilha de custos do serviço por VLT?,Remuneração pela prestação do serviço diz respeito a qual percentual da planilha de custos do serviço por VLT?,Percentual dos Custos - Remuneração pelo Serviço Prestado (Ônibus),Modais de transporte,Receita e Despesa,VLT,NA,numeric,1,1,1,0,1,0,0
3.7.6.F,"Peças, acessórios e material de rodagem dizem respeito a qual percentual da planilha de custos do serviço por VLT?","Peças, acessórios e material de rodagem dizem respeito a qual percentual da planilha de custos do serviço por VLT?","Percentual dos Custos - Peças, acessórios e material de rodagem (Ônibus)",Modais de transporte,Receita e Despesa,VLT,NA,numeric,1,1,1,0,1,0,0
3.7.6.G,Impostos e tributação dizem respeito a qual percentual da planilha de custos do serviço por VLT?,Impostos e tributação dizem respeito a qual percentual da planilha de custos do serviço por VLT?,Percentual dos Custos - Impostos e Tributação (Ônibus),Modais de transporte,Receita e Despesa,VLT,NA,numeric,1,1,1,0,1,0,0
3.7.6.H,Despesas administrativas dizem respeito a qual percentual da planilha de custos do serviço por VLT?,Despesas administrativas dizem respeito a qual percentual da planilha de custos do serviço por VLT?,Percentual dos Custos - Despesas Administrativas (Ônibus),Modais de transporte,Receita e Despesa,VLT,NA,numeric,1,1,1,0,1,0,0
3.7.6.I,Energia diz respeito a qual percentual da planilha de custos do serviço por VLT?,Energia diz respeito a qual percentual da planilha de custos do serviço por VLT?,Percentual dos Custos - Energia (Ônibus),Modais de transporte,Receita e Despesa,VLT,NA,numeric,1,1,1,0,1,0,0
3.7.6.J,IPTU diz respeito a qual percentual da planilha de custos do serviço por VLT?,IPTU diz respeito a qual percentual da planilha de custos do serviço por VLT?,Percentual dos Custos - IPTU (Ônibus),Modais de transporte,Receita e Despesa,VLT,NA,numeric,1,1,1,0,1,0,0
3.7.6.K,Outros insumos dizem respeito a qual percentual da planilha de custos do serviço por VLT?,Outros insumos dizem respeito a qual percentual da planilha de custos do serviço por VLT?,Percentual dos Custos - Outros insumos (Ônibus),Modais de transporte,Receita e Despesa,VLT,NA,numeric,1,1,1,0,1,0,0
3.7.7,É utilizada planilha de custos para reajuste ou revisão da tarifa do serviço de monotrilho no município?,É utilizada planilha de custos para reajuste ou revisão da tarifa do serviço de monotrilho no município?,Planilha de Custos para Revisão (Ônibus),Modais de transporte,Receita e Despesa,Monotrilho,NA,binary,0,0,0,0,0,0,1
3.7.7.A,Mão de obra 1 (operação) diz respeito a qual percentual da planilha de custos do serviço por monotrilho?,Mão de obra 1 (operação) diz respeito a qual percentual da planilha de custos do serviço por monotrilho?,Percentual dos Custos - Operação (Ônibus),Modais de transporte,Receita e Despesa,Monotrilho,NA,numeric,1,1,1,0,1,0,0
3.7.7.B,Mão de obra 2 (administrativo) diz respeito a qual percentual da planilha de custos do serviço por monotrilho?,Mão de obra 2 (administrativo) diz respeito a qual percentual da planilha de custos do serviço por monotrilho?,Percentual dos Custos - Administrativo (Ônibus),Modais de transporte,Receita e Despesa,Monotrilho,NA,numeric,1,1,1,0,1,0,0
3.7.7.C,Combustíveis dizem respeito a qual percentual da planilha de custos do serviço por monotrilho?,Combustíveis dizem respeito a qual percentual da planilha de custos do serviço por monotrilho?,Percentual dos Custos - Combustível (Ônibus),Modais de transporte,Receita e Despesa,Monotrilho,NA,numeric,1,1,1,0,1,0,0
3.7.7.D,Depreciação de veículos diz respeito a qual percentual da planilha de custos do serviço por monotrilho?,Depreciação de veículos diz respeito a qual percentual da planilha de custos do serviço por monotrilho?,Percentual dos Custos - Depreciação (Ônibus),Modais de transporte,Receita e Despesa,Monotrilho,NA,numeric,1,1,1,0,1,0,0
3.7.7.E,Remuneração pela prestação do serviço diz respeito a qual percentual da planilha de custos do serviço por monotrilho?,Remuneração pela prestação do serviço diz respeito a qual percentual da planilha de custos do serviço por monotrilho?,Percentual dos Custos - Remuneração pelo Serviço Prestado (Ônibus),Modais de transporte,Receita e Despesa,Monotrilho,NA,numeric,1,1,1,0,1,0,0
3.7.7.F,"Peças, acessórios e material de rodagem dizem respeito a qual percentual da planilha de custos do serviço por monotrilho?","Peças, acessórios e material de rodagem dizem respeito a qual percentual da planilha de custos do serviço por monotrilho?","Percentual dos Custos - Peças, acessórios e material de rodagem (Ônibus)",Modais de transporte,Receita e Despesa,Monotrilho,NA,numeric,1,1,1,0,1,0,0
3.7.7.G,Impostos e tributação dizem respeito a qual percentual da planilha de custos do serviço por monotrilho?,Impostos e tributação dizem respeito a qual percentual da planilha de custos do serviço por monotrilho?,Percentual dos Custos - Impostos e Tributação (Ônibus),Modais de transporte,Receita e Despesa,Monotrilho,NA,numeric,1,1,1,0,1,0,0
3.7.7.H,Despesas administrativas dizem respeito a qual percentual da planilha de custos do serviço por monotrilho?,Despesas administrativas dizem respeito a qual percentual da planilha de custos do serviço por monotrilho?,Percentual dos Custos - Despesas Administrativas (Ônibus),Modais de transporte,Receita e Despesa,Monotrilho,NA,numeric,1,1,1,0,1,0,0
3.7.7.I,Energia diz respeito a qual percentual da planilha de custos do serviço por monotrilho?,Energia diz respeito a qual percentual da planilha de custos do serviço por monotrilho?,Percentual dos Custos - Energia (Ônibus),Modais de transporte,Receita e Despesa,Monotrilho,NA,numeric,1,1,1,0,1,0,0
3.7.7.J,IPTU diz respeito a qual percentual da planilha de custos do serviço por monotrilho?,IPTU diz respeito a qual percentual da planilha de custos do serviço por monotrilho?,Percentual dos Custos - IPTU (Ônibus),Modais de transporte,Receita e Despesa,Monotrilho,NA,numeric,1,1,1,0,1,0,0
3.7.7.K,Outros insumos dizem respeito a qual percentual da planilha de custos do serviço por monotrilho?,Outros insumos dizem respeito a qual percentual da planilha de custos do serviço por monotrilho?,Percentual dos Custos - Outros insumos (Ônibus),Modais de transporte,Receita e Despesa,Monotrilho,NA,numeric,1,1,1,0,1,0,0
3.7.8,É utilizada planilha de custos para reajuste ou revisão da tarifa do serviço de aeromóvel no município?,É utilizada planilha de custos para reajuste ou revisão da tarifa do serviço de aeromóvel no município?,Planilha de Custos para Revisão (Ônibus),Modais de transporte,Receita e Despesa,Aeromóvel,NA,binary,0,0,0,0,0,0,0
3.7.8.A,Mão de obra 1 (operação) diz respeito a qual percentual da planilha de custos do serviço por aeromóvel?,Mão de obra 1 (operação) diz respeito a qual percentual da planilha de custos do serviço por aeromóvel?,Percentual dos Custos - Operação (Ônibus),Modais de transporte,Receita e Despesa,Aeromóvel,NA,numeric,1,1,1,0,1,0,0
3.7.8.B,Mão de obra 2 (administrativo) diz respeito a qual percentual da planilha de custos do serviço por aeromóvel?,Mão de obra 2 (administrativo) diz respeito a qual percentual da planilha de custos do serviço por aeromóvel?,Percentual dos Custos - Administrativo (Ônibus),Modais de transporte,Receita e Despesa,Aeromóvel,NA,numeric,1,1,1,0,1,0,0
3.7.8.C,Combustíveis dizem respeito a qual percentual da planilha de custos do serviço por aeromóvel?,Combustíveis dizem respeito a qual percentual da planilha de custos do serviço por aeromóvel?,Percentual dos Custos - Combustível (Ônibus),Modais de transporte,Receita e Despesa,Aeromóvel,NA,numeric,1,1,1,0,1,0,0
3.7.8.D,Depreciação de veículos diz respeito a qual percentual da planilha de custos do serviço por aeromóvel?,Depreciação de veículos diz respeito a qual percentual da planilha de custos do serviço por aeromóvel?,Percentual dos Custos - Depreciação (Ônibus),Modais de transporte,Receita e Despesa,Aeromóvel,NA,numeric,1,1,1,0,1,0,0
3.7.8.E,Remuneração pela prestação do serviço diz respeito a qual percentual da planilha de custos do serviço por aeromóvel?,Remuneração pela prestação do serviço diz respeito a qual percentual da planilha de custos do serviço por aeromóvel?,Percentual dos Custos - Remuneração pelo Serviço Prestado (Ônibus),Modais de transporte,Receita e Despesa,Aeromóvel,NA,numeric,1,1,1,0,1,0,0
3.7.8.F,"Peças, acessórios e material de rodagem dizem respeito a qual percentual da planilha de custos do serviço por aeromóvel?","Peças, acessórios e material de rodagem dizem respeito a qual percentual da planilha de custos do serviço por aeromóvel?","Percentual dos Custos - Peças, acessórios e material de rodagem (Ônibus)",Modais de transporte,Receita e Despesa,Aeromóvel,NA,numeric,1,1,1,0,1,0,0
3.7.8.G,Impostos e tributação dizem respeito a qual percentual da planilha de custos do serviço por aeromóvel?,Impostos e tributação dizem respeito a qual percentual da planilha de custos do serviço por aeromóvel?,Percentual dos Custos - Impostos e Tributação (Ônibus),Modais de transporte,Receita e Despesa,Aeromóvel,NA,numeric,1,1,1,0,1,0,0
3.7.8.H,Despesas administrativas dizem respeito a qual percentual da planilha de custos do serviço por aeromóvel?,Despesas administrativas dizem respeito a qual percentual da planilha de custos do serviço por aeromóvel?,Percentual dos Custos - Despesas Administrativas (Ônibus),Modais de transporte,Receita e Despesa,Aeromóvel,NA,numeric,1,1,1,0,1,0,0
3.7.8.I,Energia diz respeito a qual percentual da planilha de custos do serviço por aeromóvel?,Energia diz respeito a qual percentual da planilha de custos do serviço por aeromóvel?,Percentual dos Custos - Energia (Ônibus),Modais de transporte,Receita e Despesa,Aeromóvel,NA,numeric,1,1,1,0,1,0,0
3.7.8.J,IPTU diz respeito a qual percentual da planilha de custos do serviço por aeromóvel?,IPTU diz respeito a qual percentual da planilha de custos do serviço por aeromóvel?,Percentual dos Custos - IPTU (Ônibus),Modais de transporte,Receita e Despesa,Aeromóvel,NA,numeric,1,1,1,0,1,0,0
3.7.8.K,Outros insumos dizem respeito a qual percentual da planilha de custos do serviço por aeromóvel?,Outros insumos dizem respeito a qual percentual da planilha de custos do serviço por aeromóvel?,Percentual dos Custos - Outros insumos (Ônibus),Modais de transporte,Receita e Despesa,Aeromóvel,NA,numeric,1,1,1,0,1,0,0
4.1.1,O município possui Plano Diretor?,O município possui Plano Diretor?,Plano Diretor,Administrativo,Plano Diretor,NA,NA,binary,0,1,0,0,0,0,1
4.1.1.A,Qual o ano de elaboração ou última atualização do Plano Diretor?,Qual o ano de elaboração ou última atualização do Plano Diretor?,Ano Plano Diretor,Administrativo,Plano Diretor,NA,NA,numeric,0,1,0,0,0,1,1
4.1.2,O município possui Lei de Zoneamento ou Uso e Ocupação do Solo?,O município possui Lei de Zoneamento ou Uso e Ocupação do Solo?,Lei de Zoneamento ou Uso e Ocupação do Solo,Administrativo,Plano Diretor,NA,NA,binary,0,1,0,0,0,0,1
4.3.1,O município está contemplado em algum Plano de Mobilidade Urbana de Região Metropolitana ou Aglomeração Urbana?,O município está contemplado em algum Plano de Mobilidade Urbana de Região Metropolitana ou Aglomeração Urbana?,Contemplado em Plano de Mobilidade Urbana,Administrativo,Plano Mobilidade,NA,NA,binary,0,1,0,0,0,0,1
4.3.1.A,O Plano de Mobilidade Urbana diz respeito a qual Região Metropolitana ou Aglomeração Urbana?,O Plano de Mobilidade Urbana diz respeito a qual Região Metropolitana ou Aglomeração Urbana?,Contemplado em Plano de Mobilidade Urbana - Detalhamento,Administrativo,Plano Mobilidade,NA,NA,text,0,0,0,0,0,0,1
4.3.1.B,Em qual website é possível obter o Plano de Mobilidade Urbana de Região Metropolitana ou Aglomeração Urbana em formato digital?,Em qual website é possível obter o Plano de Mobilidade Urbana de Região Metropolitana ou Aglomeração Urbana em formato digital?,Contemplado em Plano de Mobilidade Urbana - Digital,Administrativo,Plano Mobilidade,NA,NA,text,0,0,0,0,0,0,1
4.3.2,O município está contemplado em algum Plano de Desenvolvimento Urbano Integrado (PDUI) (Lei Federal nº 13.089/2015 - Estatuto da Metrópole)?,O município está contemplado em algum Plano de Desenvolvimento Urbano Integrado (PDUI) (Lei Federal nº 13.089/2015 - Estatuto da Metrópole)?,NA,Administrativo,Plano Mobilidade,NA,NA,binary,0,0,0,0,0,0,1
4.3.2.A,O PDUI diz respeito a qual Região Metropolitana ou Aglomeração Urbana?,O PDUI diz respeito a qual Região Metropolitana ou Aglomeração Urbana?,NA,Administrativo,Plano Mobilidade,NA,NA,text,0,0,0,0,0,0,1
4.3.2.B,Em qual website é possível obter o Plano de Desenvolvimento Urbano Integrado (PDUI) em formato digital?,Em qual website é possível obter o Plano de Desenvolvimento Urbano Integrado (PDUI) em formato digital?,NA,Administrativo,Plano Mobilidade,NA,NA,text,0,0,0,0,0,0,1
4.4.1,O município possui Plano de Mobilidade Urbana?,O município possui Plano de Mobilidade Urbana?,NA,Administrativo,Plano Mobilidade,NA,NA,binary,0,0,0,0,0,0,1
4.4.2,Qual o ano de elaboração ou última atualização do Plano de Mobilidade Urbana?,Qual o ano de elaboração ou última atualização do Plano de Mobilidade Urbana?,NA,Administrativo,Plano Mobilidade,NA,NA,numeric,0,0,0,0,0,1,1
4.4.3,Qual o instrumento normativo que aprovou o Plano de Mobilidade Urbana?,Qual o instrumento normativo que aprovou o Plano de Mobilidade Urbana?,NA,Administrativo,Plano Mobilidade,NA,NA,text,0,0,0,0,0,0,1
4.4.3.A,Qual o número da Lei ou instrumento normativo que aprovou o plano?,Qual o número da Lei ou instrumento normativo que aprovou o plano?,NA,Administrativo,Plano Mobilidade,NA,NA,text,0,0,0,0,0,0,1
4.4.3.B,Em qual website é possível obter o Plano de Mobilidade Urbana em formato digital?,Em qual website é possível obter o Plano de Mobilidade Urbana em formato digital?,NA,Administrativo,Plano Mobilidade,NA,NA,text,0,0,0,0,0,0,1
4.5.1,Quais metodologias de participação social foram utilizadas durante a elaboração do Plano de Mobilidade Urbana?,Quais metodologias de participação social foram utilizadas durante a elaboração do Plano de Mobilidade Urbana?,NA,Administrativo,Plano Mobilidade,NA,NA,text,0,0,0,0,0,0,1
4.5.2,Quais itens a seguir foram considerados na metodologia de elaboração do Plano de Mobilidade Urbana?,Quais itens a seguir foram considerados na metodologia de elaboração do Plano de Mobilidade Urbana?,NA,Administrativo,Plano Mobilidade,NA,NA,text,0,0,0,0,0,0,1
4.6.1,Quais temas a seguir estão contemplados no Plano de Mobilidade Urbana?,Quais temas a seguir estão contemplados no Plano de Mobilidade Urbana?,NA,Administrativo,Plano Mobilidade,NA,NA,text,0,0,0,0,0,0,1
4.7.1,O município já realizou pesquisa Origem-Destino (O/D)?,O município já realizou pesquisa Origem-Destino (O/D)?,NA,Pesquisa Origem e Destino,Pesquisa Origem e Destino,NA,NA,binary,0,0,0,0,0,0,1
4.7.1.A,Qual o ano de realização da última pesquisa O/D?,Qual o ano de realização da última pesquisa O/D?,Ano da POD,Pesquisa Origem e Destino,Pesquisa Origem e Destino,NA,NA,numeric,0,0,0,0,0,1,1
4.7.1.B,Qual a periodicidade de realização da pesquisa?,Qual a periodicidade de realização da pesquisa?,Periodicidade da POD,Pesquisa Origem e Destino,Pesquisa Origem e Destino,NA,NA,text,0,0,0,0,0,0,1
4.7.1.C,Em qual website é possível obter a Pesquisa Origem-Destino em formato digital?,Em qual website é possível obter a Pesquisa Origem-Destino em formato digital?,Website POD,Pesquisa Origem e Destino,Pesquisa Origem e Destino,NA,NA,text,0,0,0,0,0,0,1
4.7.1.D,"Considerando todos os modos de transporte e as pesquisa O/D realizadas, qual o número médio de viagens diárias no município?","Considerando todos os modos de transporte e as pesquisa O/D realizadas, qual o número médio de viagens diárias no município?",POD - Número médio de viagens diárias,Pesquisa Origem e Destino,Pesquisa Origem e Destino,NA,NA,numeric,0,0,0,0,0,1,1
4.7.1.E,"Considerando todos os modos de transporte e as pesquisas O/D realizadas, qual a distância média das viagens no município? (Em km)","Considerando todos os modos de transporte e as pesquisas O/D realizadas, qual a distância média das viagens no município? (Em km)",POD - Distância média das viagens,Pesquisa Origem e Destino,Pesquisa Origem e Destino,NA,NA,numeric,0,0,0,1,0,0,1
4.7.1.F,"Considerando todos os modos de transportes e as pesquisas O/D realizadas, qual o tempo médio das viagens realizadas no município? (Em minutos)","Considerando todos os modos de transportes e as pesquisas O/D realizadas, qual o tempo médio das viagens realizadas no município? (Em minutos)",POD - Tempo médio das viagens,Pesquisa Origem e Destino,Pesquisa Origem e Destino,NA,NA,numeric,0,0,0,0,0,1,1
4.7.1.G,"Considerando a divisão modal identificada pelas pesquisas O/D realizadas, qual o percentual de viagens realizadas a pé? (Em %)","Considerando a divisão modal identificada pelas pesquisas O/D realizadas, qual o percentual de viagens realizadas a pé? (Em %)",POD - Percentual de viagens a pé,Pesquisa Origem e Destino,Pesquisa Origem e Destino,NA,NA,numeric,0,0,0,0,1,0,1
4.7.1.H,"Considerando a divisão modal identificada pelas pesquisas O/D realizadas, qual o percentual de viagens realizadas de bicicleta? (Em %)","Considerando a divisão modal identificada pelas pesquisas O/D realizadas, qual o percentual de viagens realizadas de bicicleta? (Em %)",POD - Percentual de viagens de bicicleta,Pesquisa Origem e Destino,Pesquisa Origem e Destino,Bicicleta,NA,numeric,0,0,0,0,1,0,1
4.7.1.I,"Considerando a divisão modal identificada pelas pesquisas O/D realizadas, qual o percentual de viagens realizadas por transporte coletivo? (Em %)","Considerando a divisão modal identificada pelas pesquisas O/D realizadas, qual o percentual de viagens realizadas por transporte coletivo? (Em %)",POD - Percentual de viagens por transporte público,Pesquisa Origem e Destino,Pesquisa Origem e Destino,NA,NA,numeric,0,0,0,0,1,0,1
4.7.1.J,"Considerando a divisão modal identificada pelas pesquisas O/D realizadas, qual o percentual de viagens realizadas por transporte individual motorizado (automóvel)? (Em %)","Considerando a divisão modal identificada pelas pesquisas O/D realizadas, qual o percentual de viagens realizadas por transporte individual motorizado (automóvel)? (Em %)",POD - Percentual de viagens por automóvel individual,Pesquisa Origem e Destino,Pesquisa Origem e Destino,NA,NA,numeric,0,0,0,0,1,0,1
4.7.1.K,"Considerando a divisão modal identificada pelas pesquisas O/D realizadas, qual o percentual de viagens realizadas por transporte individual motorizado (moto)? (Em %)","Considerando a divisão modal identificada pelas pesquisas O/D realizadas, qual o percentual de viagens realizadas por transporte individual motorizado (moto)? (Em %)",POD - Percentual de viagens por moto,Pesquisa Origem e Destino,Pesquisa Origem e Destino,NA,NA,numeric,0,0,0,0,1,0,1
4.7.1.L,"Considerando a divisão modal identificada pelas pesquisas O/D realizadas, qual o percentual de viagens realizadas por transporte individual remunerado (táxi, aplicativos)? (Em %)","Considerando a divisão modal identificada pelas pesquisas O/D realizadas, qual o percentual de viagens realizadas por transporte individual remunerado (táxi, aplicativos)? (Em %)",POD - Percentual de viagens por táxi ou carro de aplicativo,Pesquisa Origem e Destino,Pesquisa Origem e Destino,Táxi,NA,numeric,0,0,0,0,1,0,1
4.7.1.M,"Considerando a divisão modal identificada pelas pesquisas O/D realizadas, qual o percentual de viagens realizadas por outros modos de transporte? (Em %)","Considerando a divisão modal identificada pelas pesquisas O/D realizadas, qual o percentual de viagens realizadas por outros modos de transporte? (Em %)",POD - Percentual de viagens por outros modais,Pesquisa Origem e Destino,Pesquisa Origem e Destino,NA,NA,numeric,0,0,0,0,1,0,1
4.8.1,"Quais ações, medidas, programas ou instrumentos destinados à promoção de acessibilidade o município possui?","Quais ações, medidas, programas ou instrumentos destinados à promoção de acessibilidade o município possui?",NA,Administrativo,Acessibilidade,NA,NA,text,0,0,0,0,0,0,1
4.8.2,A questão da acessibilidade é abordada em quais leis municipais?,A questão da acessibilidade é abordada em quais leis municipais?,NA,Administrativo,Acessibilidade,NA,NA,text,0,0,0,0,0,0,1
5.1.1,Em seu município existe a cobrança de tributos sobre modos e serviços de transporte urbano pela utilização da infraestrutura em perímetro urbano (taxação de congestionamento)?,Em seu município existe a cobrança de tributos sobre modos e serviços de transporte urbano pela utilização da infraestrutura em perímetro urbano (taxação de congestionamento)?,NA,Administrativo,Legislação,NA,NA,text,0,0,0,0,0,0,1
5.1.1.A,Qual a arrecadação anual no ano de 2023 do município com a cobrança de tributos pela utilização da infraestrutura em perímetro urbano (taxação de congestionamento)?,Qual a arrecadação anual no ano de 2023 do município com a cobrança de tributos pela utilização da infraestrutura em perímetro urbano (taxação de congestionamento)?,NA,Administrativo,Legislação,NA,NA,numeric,0,0,0,0,0,1,0
5.2.1,Qual o número de vagas de estacionamento regulamentados existentes no município?,Qual o número de vagas de estacionamento regulamentados existentes no município?,Vagas de Estacionamento Reguladas,Modais de transporte,Estacionamento,NA,NA,numeric,1,1,0,0,0,1,1
5.2.1.A,Qual o percentual de vagas de estacionamento reservadas para pessoas com deficiência e mobilidade reduzida? (Em %),Qual o percentual de vagas de estacionamento reservadas para pessoas com deficiência e mobilidade reduzida? (Em %),Percentual de Vagas de Estacionamento para Deficientes,Modais de transporte,Estacionamento,NA,NA,numeric,1,1,0,0,1,0,1
5.2.1.B,Qual o percentual de vagas de estacionamento reservadas para idosos? (Em %),Qual o percentual de vagas de estacionamento reservadas para idosos? (Em %),Percentual de Vagas de Estacionamento para Idosos,Modais de transporte,Estacionamento,NA,NA,numeric,1,1,0,0,1,0,1
5.2.1.C,Qual o percentual de vagas de estacionamento reservadas para gestantes? (Em %),Qual o percentual de vagas de estacionamento reservadas para gestantes? (Em %),Percentual de Vagas de Estacionamento para Gestantes,Modais de transporte,Estacionamento,NA,NA,numeric,1,1,0,0,1,0,1
5.2.2,"Existe controle ou cobrança para estacionamento em vagas públicas, como por exemplo, Área Azul?","Existe controle ou cobrança para estacionamento em vagas públicas, como por exemplo, Área Azul?",Existe Fiscalização para Cobrança em Vagas Públicas,Modais de transporte,Estacionamento,NA,NA,text,0,0,0,0,0,0,1
5.2.2.A,Qual o valor arrecadado com a cobrança de estacionamento no ano de 2023?,Qual o valor arrecadado com a cobrança de estacionamento no ano de 2023?,Valor Arrecadado com Cobrança de Estacionamento,Modais de transporte,Estacionamento,NA,NA,numeric,1,1,0,0,0,1,1
5.3.1,Marque os instrumentos de gestão presentes em seu município:,Marque os instrumentos de gestão presentes em seu município:,Instrumentos de Gestão,Administrativo,Governança,NA,NA,text,0,0,0,0,0,0,1
7.1.1,"Na composição da frota de transporte público coletivo, existem ônibus que utilizam tecnologia veicular ou fontes de energia alternativa?","Na composição da frota de transporte público coletivo, existem ônibus que utilizam tecnologia veicular ou fontes de energia alternativa?",Frota de Ônibus com Fontes de Energia Alternativa,Modais de transporte,Sustentabilidade,Ônibus,NA,text,0,0,0,0,0,0,1
7.1.1A,Qual o percentual da frota que utiliza etanol como fonte de energia?,Qual o percentual da frota que utiliza etanol como fonte de energia?,Frota de Ônibus Movido a Etanol (%),Modais de transporte,Sustentabilidade,Ônibus,NA,numeric,1,1,0,0,1,0,1
7.1.1.B,Qual o percentual da frota que utiliza eletricidade como fonte de energia?,Qual o percentual da frota que utiliza eletricidade como fonte de energia?,Frota de Ônibus Movido a Eletricidade (%),Modais de transporte,Sustentabilidade,Ônibus,NA,numeric,1,1,0,0,1,0,1
7.1.1.C,Qual o percentual da frota que utiliza gás natural como fonte de energia?,Qual o percentual da frota que utiliza gás natural como fonte de energia?,Frota de Ônibus Movido a Gás Natural (%),Modais de transporte,Sustentabilidade,Ônibus,NA,numeric,1,1,0,0,1,0,1
7.1.1.D,Qual o percentual da frota que utiliza hidrogênio como fonte de energia?,Qual o percentual da frota que utiliza hidrogênio como fonte de energia?,Frota de Ônibus Movido a Hidrogênio (%),Modais de transporte,Sustentabilidade,Ônibus,NA,numeric,1,1,0,0,1,0,1
7.1.1.E,Qual o percentual da frota que utiliza biodiesel como fonte de energia?,Qual o percentual da frota que utiliza biodiesel como fonte de energia?,Frota de Ônibus Movido a Biodiesel (%),Modais de transporte,Sustentabilidade,Ônibus,NA,numeric,1,1,0,0,1,0,1
7.1.1.F,Qual o percentual da frota que utiliza energia híbrida (eletricidade + diesel)?,Qual o percentual da frota que utiliza energia híbrida (eletricidade + diesel)?,Frota de Ônibus Híbridos (Eletricidade + Diesel) (%),Modais de transporte,Sustentabilidade,Ônibus,NA,numeric,1,1,0,0,1,0,1
7.2.1,"Na composição da frota de táxi, existem veículos que utilizam combustíveis menos poluentes ou fontes de energia alternativa?","Na composição da frota de táxi, existem veículos que utilizam combustíveis menos poluentes ou fontes de energia alternativa?",Frota de Táxis com Fontes de Energia Alternativa,Modais de transporte,Sustentabilidade,Táxi,NA,text,0,0,0,0,0,0,1
7.2.1.A,Qual o percentual da frota de táxi que utiliza etanol como fonte de energia?,Qual o percentual da frota de táxi que utiliza etanol como fonte de energia?,Frota de Táxis Movido a Etanol (%),Modais de transporte,Sustentabilidade,Táxi,NA,numeric,1,1,0,0,1,0,1
7.2.1.B,Qual o percentual da frota de táxi que utiliza eletricidade como fonte de energia?,Qual o percentual da frota de táxi que utiliza eletricidade como fonte de energia?,Frota de Táxis Movido a Eletricidade (%),Modais de transporte,Sustentabilidade,Táxi,NA,numeric,1,1,0,0,1,0,1
7.2.1.C,Qual o percentual da frota de táxi que utiliza gás natural como fonte de energia?,Qual o percentual da frota de táxi que utiliza gás natural como fonte de energia?,Frota de Táxis Movido a Gás Natural (%),Modais de transporte,Sustentabilidade,Táxi,NA,numeric,1,1,0,0,1,0,1
7.2.1.D,Qual o percentual da frota de táxi que utiliza energia híbrida (eletricidade + gasolina)?,Qual o percentual da frota de táxi que utiliza energia híbrida (eletricidade + gasolina)?,Frota de Táxis Híbridos (Eletricidade + Gasolina) (%),Modais de transporte,Sustentabilidade,Táxi,NA,numeric,1,1,0,0,1,0,1
7.3.1,Em qual tipo de veículo é realizada inspeção veicular ambiental no município?,Em qual tipo de veículo é realizada inspeção veicular ambiental no município?,Inspeção veicular ambiental,Administrativo,Sustentabilidade,NA,NA,text,0,0,0,0,0,0,1
8.1.1,O município possui conselho municipal de transporte e/ou mobilidade urbana?,O município possui conselho municipal de transporte e/ou mobilidade urbana?,Conselho Municipal de Transporte e/ou Mobilidade Urbana,Administrativo,Conselho de Mobilidade,NA,NA,text,0,0,0,0,0,0,1
8.1.2,A mobilidade urbana é discutida no Conselho da Cidade ou outro órgão colegiado similar com representação da sociedade civil?,A mobilidade urbana é discutida no Conselho da Cidade ou outro órgão colegiado similar com representação da sociedade civil?,NA,Administrativo,Conselho de Mobilidade,NA,NA,text,0,0,0,0,0,0,1
8.2.1,Qual o caráter do conselho que trata sobre mobilidade urbana no município?,Qual o caráter do conselho que trata sobre mobilidade urbana no município?,NA,Administrativo,Conselho de Mobilidade,NA,NA,text,0,0,0,0,0,0,1
8.2.2.A,Qual o percentual de membros do Poder Executivo na composição do Conselho de mobilidade urbana ou similar? (Em %),Qual o percentual de membros do Poder Executivo na composição do Conselho de mobilidade urbana ou similar? (Em %),NA,Administrativo,Conselho de Mobilidade,NA,NA,numeric,0,0,0,0,1,0,1
8.2.2.B,Qual o percentual de membro do Poder Legislativo na composição do Conselho de mobilidade urbana ou similar? (Em %),Qual o percentual de membro do Poder Legislativo na composição do Conselho de mobilidade urbana ou similar? (Em %),NA,Administrativo,Conselho de Mobilidade,NA,NA,numeric,0,0,0,0,1,0,1
8.2.2.C,Qual o percentual de membros da Sociedade Civil na composição do Conselho de mobilidade urbana ou similar? (Em %),Qual o percentual de membros da Sociedade Civil na composição do Conselho de mobilidade urbana ou similar? (Em %),NA,Administrativo,Conselho de Mobilidade,NA,NA,numeric,0,0,0,0,1,0,1
8.2.2.D,Qual o percentual de membros dos operados dos serviços na composição do Conselho de mobilidade urbana ou similar? (Em %),Qual o percentual de membros dos operados dos serviços na composição do Conselho de mobilidade urbana ou similar? (Em %),NA,Administrativo,Conselho de Mobilidade,NA,NA,numeric,0,0,0,0,1,0,1
8.2.2.E,Qual o percentual de outros membros na composição dos Conselho de mobilidade urbana ou similar? (Em %),Qual o percentual de outros membros na composição dos Conselho de mobilidade urbana ou similar? (Em %),NA,Administrativo,Conselho de Mobilidade,NA,NA,numeric,0,0,0,0,1,0,1
8.2.3,Qual o mês e ano da última reunião do Conselho de mobilidade urbana ou similar?,Qual o mês e ano da última reunião do Conselho de mobilidade urbana ou similar?,NA,Administrativo,Conselho de Mobilidade,NA,NA,text,0,0,0,0,0,0,1
8.3.1,O município possui ouvidoria ou estrutura similar para recebimento de reclamações e sugestões na instituição responsável pela gestão da mobilidade urbana?,O município possui ouvidoria ou estrutura similar para recebimento de reclamações e sugestões na instituição responsável pela gestão da mobilidade urbana?,NA,Administrativo,Governança,NA,NA,text,0,0,0,0,0,0,1
8.4.1,Qual o tipo de consulta popular com relação ao planejamento da mobilidade e definição de projetos prioritários houve no município no ano de 2023?,Qual o tipo de consulta popular com relação ao planejamento da mobilidade e definição de projetos prioritários houve no município no ano de 2023?,NA,Administrativo,Governança,NA,NA,text,0,0,0,0,0,0,1
9.1.1,Marque as medidas de moderação de tráfego presentes em seu município:,Marque as medidas de moderação de tráfego presentes em seu município:,NA,Administrativo,Governança,NA,NA,text,0,0,0,0,0,0,1
9.1.2,Qual o número de agentes de trânsito em exercício no município em 2023?,Qual o número de agentes de trânsito em exercício no município no ano?,Agentes de Trânsito em Exercício,Administrativo,Governança,NA,NA,numeric,1,1,0,0,0,1,1
9.1.3,Qual o número de equipamentos de fiscalização de velocidade existentes?,Qual o número de equipamentos de fiscalização de velocidade existentes?,Equipamentos de Fiscalização,Administrativo,Governança,NA,NA,numeric,1,1,0,0,0,1,1
9.1.4,Qual foi a arrecadação anual em 2023 com multas de trânsito?,Qual foi a arrecadação anual no ano com multas de trânsito?,Valor Arrecadado com Multas de Trânsito,Administrativo,Governança,NA,NA,numeric,1,1,0,0,0,1,1
10.1.1,O órgão responsável pela gestão do sistema de mobilidade urbana na prefeitura caracteriza-se como:,O órgão responsável pela gestão do sistema de mobilidade urbana na prefeitura caracteriza-se como:,NA,Administrativo,Governança,NA,NA,text,0,0,0,0,0,0,1
11.1.1,De que modo o serviço de transporte público coletivo regulamentado no município é ofertado?,De que modo o serviço de transporte público coletivo regulamentado no município é ofertado?,NA,Administrativo,Governança,NA,NA,text,0,0,0,0,0,0,1
11.1.2,Quais as modalidades de delegação de serviço de transporte público coletivo existe no município?,Quais as modalidades de delegação de serviço de transporte público coletivo existe no município?,NA,Administrativo,Governança,NA,NA,text,0,0,0,0,0,0,1
11.2.1,O serviço de transporte público coletivo regulamentado é licitado?,O serviço de transporte público coletivo regulamentado é licitado?,NA,Administrativo,Governança,NA,NA,text,0,0,0,0,0,0,1
11.2.1.A,Qual o prazo do contrato? (Em anos),Qual o prazo do contrato? (Em anos),NA,Administrativo,Governança,NA,NA,text,0,0,0,0,0,0,1
11.2.2.B,Qual é a data de vencimento do contrato?,Qual é a data de vencimento do contrato?,NA,Administrativo,Governança,NA,NA,text,0,0,0,0,0,0,1
11.3.1,"Para a remuneração do operador do sistema de transporte público coletivo, quais aspectos são levados em conta?","Para a remuneração do operador do sistema de transporte público coletivo, quais aspectos são levados em conta?",NA,Administrativo,Governança,NA,NA,text,0,0,0,0,0,0,1
11.4.1,Existe transporte não regulamentado no município?,Existe transporte não regulamentado no município?,NA,Modais de transporte,Outros,NA,NA,text,0,0,0,0,0,0,1
11.4.1.A,Quais tipos de veículos realizam o transporte não regulamentado?,Quais tipos de veículos realizam o transporte não regulamentado?,NA,Modais de transporte,Outros,NA,NA,text,0,0,0,0,0,0,1
11.5.1,"O município possui regulamentação para o transporte remunerado privado individual de passageiros (Uber, 99, entre outros)?","O município possui regulamentação para o transporte remunerado privado individual de passageiros (Uber, 99, entre outros)?",NA,Modais de transporte,Outros,Transporte Remunerado Privado,NA,text,0,0,0,0,0,0,1
11.5.1.A,Qual o número de viagens realizadas em 2023 por transporte remunerado privado individual de passageiros no município (considerando todos os aplicativos)?,Qual o número de viagens realizadas no ano por transporte remunerado privado individual de passageiros no município (considerando todos os aplicativos)?,Passageiros de Transporte por Aplicativo,Modais de transporte,Passageiros Transportados,Transporte Remunerado Privado,NA,numeric,0,0,0,0,0,1,1
11.5.1.B,Qual a quilometragem percorrida em 2023 por transporte remunerado privado individual de passageiros no município (considerando todos os aplicativos)? (Em km),Qual a quilometragem percorrida no ano por transporte remunerado privado individual de passageiros no município (considerando todos os aplicativos)? (Em km),Quilômetros Percorridos de Transporte por Aplicativo,Modais de transporte,Frota,Transporte Remunerado Privado,NA,numeric,0,0,0,0,0,1,1
11.5.1.C,Qual foi a arrecadação em 2023 por transporte remunerado privado individual de passageiros no município? (Em R$),Qual foi a arrecadação no ano por transporte remunerado privado individual de passageiros no município? (Em R$),Valor Arrecadado de Transporte por Aplicativo,Modais de transporte,Receita e Despesa,Transporte Remunerado Privado,NA,numeric,0,0,0,0,0,1,0
12.1.2,O município faz uso de algum instrumento urbanístico previsto no Estatuto da Cidade (Lei Federal nº 10.257/2001) para viabilizar investimentos em mobilidade urbana?,O município faz uso de algum instrumento urbanístico previsto no Estatuto da Cidade (Lei Federal nº 10.257/2001) para viabilizar investimentos em mobilidade urbana?,NA,Administrativo,Legislação,NA,NA,text,0,0,0,0,0,0,1
12.2.1,O município possui fundo municipal específico de transporte e/ou mobilidade urbana?,O município possui fundo municipal específico de transporte e/ou mobilidade urbana?,NA,Administrativo,Governança,NA,NA,text,0,0,0,0,0,0,1
13.1.1,Quais as inovações tecnológicas presentes na mobilidade urbana do município?,Quais as inovações tecnológicas presentes na mobilidade urbana do município?,NA,Administrativo,Governança,NA,NA,text,0,0,0,0,0,0,1
13.1.1.A,Quais outras inovações tecnológicas na mobilidade urbana estão presentes no município?,Quais outras inovações tecnológicas na mobilidade urbana estão presentes no município?,NA,Administrativo,Governança,NA,NA,text,0,0,0,0,0,0,1
